Source File	Size	loadResources	load	generateSnapshots	load-configure	scan	loadDepInfo	loadInfo	checkR4R4B	generateNarratives	validate	loadLists	checkConformanceResources	checkConformanceResources2	checkConformanceResources3	generateLogicalMaps	validateExpressions	scanForUsageStats	checkURLsUnique	processProvenanceDetails	translate	generate1	generate2	generateLogicals	makeDependencies	generateExampleZip	generateValidationPack	scanProfilesForR5	scanExamplesForR5
/fsh-generated/resources/ImplementationGuide-lt.hl7.fhir.vitalsigns.json	23668	-	0	0	0	0	0	0	3	6	0	0	0	0	0	0	0	0	0	0	5	62	98	0	0	0	2	0	1
fsh-generated/resources/BodyStructure-example-body-structure-blood-pressure.json	1116	3	0	0	0	0	0	0	0	271	0	0	0	0	0	0	0	0	0	0	4	11	16	0	0	0	0	0	0
fsh-generated/resources/CodeSystem-solor-temporary-codesystem.json	4254	3	0	0	0	0	0	0	0	3	0	0	0	0	0	0	0	0	0	0	3	23	75	0	0	0	0	0	0
fsh-generated/resources/Device-example-device-blood-pressure.json	926	2	0	0	0	0	0	0	0	2	0	0	0	0	0	0	0	0	0	0	2	9	15	0	0	0	0	0	0
fsh-generated/resources/Device-example-device-body-height.json	419	2	0	0	0	0	0	0	0	0	0	0	0	0	0	0	0	0	0	0	2	9	12	0	0	0	0	0	0
fsh-generated/resources/Device-example-device-body-weight.json	269	1	0	0	1	0	0	0	0	1	0	0	0	0	0	0	0	0	0	0	2	8	13	0	0	0	0	0	0
fsh-generated/resources/Device-example-device-heart-rate.json	279	2	0	0	0	0	0	0	0	0	0	0	0	0	0	0	0	0	0	0	1	7	13	0	0	0	0	0	0
fsh-generated/resources/Observation-example-blood-pressure.json	4111	2	0	0	0	0	0	0	0	3	0	0	0	0	0	0	1	0	0	0	1	18	18	0	0	0	0	0	0
fsh-generated/resources/Observation-example-bmi.json	842	3	0	0	0	0	0	0	0	0	0	0	0	0	0	0	0	0	0	0	2	10	16	0	0	0	0	0	0
fsh-generated/resources/Observation-example-body-height.json	1216	2	0	0	0	0	0	0	0	3	0	0	0	0	0	0	0	0	0	0	1	12	17	0	0	0	0	0	0
fsh-generated/resources/Observation-example-body-weight.json	1696	2	0	0	0	0	0	0	1	1	0	0	0	0	0	0	0	0	0	0	1	12	16	0	0	0	0	0	0
fsh-generated/resources/Observation-example-head-circumference.json	1010	2	0	0	0	0	0	0	0	1	0	0	0	0	0	0	0	0	0	0	1	10	16	0	0	0	0	0	0
fsh-generated/resources/Observation-example-heart-rate.json	2314	2	0	0	0	0	0	0	0	2	0	0	0	0	0	0	0	0	0	0	1	14	19	0	0	0	0	0	0
fsh-generated/resources/Observation-example-waist-circumference.json	1068	2	0	0	0	0	0	0	0	1	0	0	0	0	0	0	0	0	0	0	1	10	15	0	0	0	0	0	0
fsh-generated/resources/Patient-example-patient.json	939	2	0	0	0	0	0	0	0	1	0	0	0	0	0	0	0	0	0	0	1	23	12	0	0	0	0	0	0
fsh-generated/resources/StructureDefinition-associated-situation.json	3067	3	0	4	0	0	0	0	0	6	0	0	0	0	0	0	0	0	0	0	0	86	335	0	0	0	1	0	0
fsh-generated/resources/StructureDefinition-blood-pressure-panel.json	19108	5	0	41	0	0	0	0	0	35	0	0	1	0	0	0	0	2	0	0	1	688	1127	0	0	0	11	0	1
fsh-generated/resources/StructureDefinition-bmi.json	4651	2	0	17	0	0	0	0	0	16	0	0	0	0	0	0	0	1	0	0	0	258	502	0	0	0	4	0	1
fsh-generated/resources/StructureDefinition-body-height.json	7848	3	0	21	0	0	0	0	0	14	0	0	0	0	0	0	0	1	0	0	0	277	564	0	0	0	5	0	1
fsh-generated/resources/StructureDefinition-body-position.json	3001	2	0	4	0	0	0	0	0	4	0	0	0	0	0	0	0	0	0	0	1	55	144	0	0	0	0	0	0
fsh-generated/resources/StructureDefinition-body-structure-blood-pressure.json	2113	2	0	8	0	0	0	0	0	7	0	0	0	0	0	0	0	1	0	0	0	117	261	0	0	0	2	1	0
fsh-generated/resources/StructureDefinition-body-weight.json	8553	3	0	18	0	0	0	0	0	15	0	0	1	0	0	0	0	1	0	0	0	293	616	0	0	0	5	0	1
fsh-generated/resources/StructureDefinition-device-blood-pressure.json	2085	2	0	17	0	0	0	0	0	10	0	0	0	0	0	0	0	1	0	0	1	197	416	0	0	0	3	0	0
fsh-generated/resources/StructureDefinition-device-body-height.json	865	1	0	15	0	0	0	0	0	6	0	0	0	0	0	0	0	1	0	0	0	148	359	0	0	0	3	0	1
fsh-generated/resources/StructureDefinition-device-body-weight.json	854	2	0	14	0	0	0	0	0	7	0	0	0	0	0	0	0	1	0	0	0	146	360	0	0	0	2	0	0
fsh-generated/resources/StructureDefinition-device-heart-rate.json	857	2	0	20	0	0	0	0	0	6	0	0	0	0	0	0	0	1	0	0	0	145	350	0	0	0	2	0	1
fsh-generated/resources/StructureDefinition-exercise-association.json	3202	2	0	3	0	0	0	0	0	6	0	0	0	0	0	0	0	0	0	0	1	82	174	0	0	0	2	0	0
fsh-generated/resources/StructureDefinition-head-circumference.json	4862	3	0	17	0	0	0	0	0	10	0	0	0	0	0	0	0	2	0	0	0	242	511	0	0	0	4	0	0
fsh-generated/resources/StructureDefinition-heart-rate.json	8724	3	0	19	0	0	0	0	0	13	0	0	1	0	0	0	0	1	0	0	0	315	619	0	0	0	5	0	1
fsh-generated/resources/StructureDefinition-measurement-setting.json	3341	2	0	2	0	0	0	0	0	5	0	0	0	0	0	0	0	0	0	0	1	87	162	0	0	0	1	0	0
fsh-generated/resources/StructureDefinition-sleep-status.json	3158	3	0	1	1	0	0	0	0	5	0	0	0	0	0	0	0	0	0	0	0	83	160	0	0	0	1	0	0
fsh-generated/resources/StructureDefinition-waist-circumference.json	6200	2	0	15	0	0	0	0	0	12	0	0	0	0	0	0	0	1	0	0	0	254	504	0	0	0	5	0	1
fsh-generated/resources/ValueSet-bmi-unit.json	1371	2	0	0	0	0	0	0	0	27	0	0	0	0	0	0	0	0	0	0	2	11	54	0	0	0	0	0	0
fsh-generated/resources/ValueSet-body-height-observation.json	2509	2	0	0	0	0	0	0	0	3	0	0	0	0	0	0	0	0	0	0	2	13	60	0	0	0	0	0	0
fsh-generated/resources/ValueSet-body-length-unit.json	1712	2	0	0	0	0	0	0	0	2	0	0	0	0	0	0	0	0	0	0	2	11	48	0	0	0	1	0	0
fsh-generated/resources/ValueSet-body-weight-associated-situation.json	2426	2	0	0	0	0	0	0	0	3	0	0	0	0	0	0	0	0	0	0	2	14	51	0	0	0	0	0	0
fsh-generated/resources/ValueSet-body-weight-observation.json	2074	2	0	0	0	0	0	0	0	2	0	0	0	0	0	0	0	1	0	0	2	11	53	0	0	0	0	0	0
fsh-generated/resources/ValueSet-bp-cuff-size.json	1749	2	0	0	0	0	0	0	0	2	0	0	0	0	0	0	0	0	0	0	2	10	45	0	0	0	0	0	0
fsh-generated/resources/ValueSet-bp-diastolic-observation.json	2131	2	0	0	0	0	0	0	0	2	0	0	0	0	0	0	0	0	0	0	2	10	49	0	0	0	0	0	0
fsh-generated/resources/ValueSet-bp-measurement-body-location.json	3956	2	0	0	0	0	0	0	0	3	0	0	0	0	0	0	0	0	0	0	2	18	61	0	0	0	0	0	0
fsh-generated/resources/ValueSet-bp-measurement-method.json	2780	2	0	0	0	0	0	0	1	3	0	0	0	0	0	0	0	0	0	0	1	15	49	0	0	0	1	0	0
fsh-generated/resources/ValueSet-bp-panel-observation.json	1851	2	0	0	0	0	0	0	0	3	0	0	0	0	0	0	0	0	0	0	2	11	41	0	0	0	0	0	0
fsh-generated/resources/ValueSet-bp-systolic-observation.json	2126	2	0	0	0	0	0	0	0	1	0	0	0	0	0	0	0	0	0	0	1	10	47	0	0	0	0	0	0
fsh-generated/resources/ValueSet-bp-unit.json	1394	2	0	0	0	0	0	0	0	2	0	0	0	0	0	0	0	0	0	0	2	11	41	0	0	0	0	0	0
fsh-generated/resources/ValueSet-device-type-blood-pressure.json	2676	2	0	0	0	0	0	0	0	3	0	0	0	0	0	0	0	0	0	0	1	13	47	0	0	0	0	0	0
fsh-generated/resources/ValueSet-device-type-heart-rate.json	3083	2	0	0	0	0	0	0	0	3	0	0	0	0	0	0	0	0	0	0	2	15	50	0	0	0	0	0	0
fsh-generated/resources/ValueSet-device-type-height-length.json	2042	3	0	0	0	0	0	0	0	2	0	0	0	0	0	0	0	0	0	0	3	12	45	0	0	0	0	0	0
fsh-generated/resources/ValueSet-device-type-weight.json	2762	2	0	0	0	0	0	0	0	2	0	0	0	0	0	0	0	0	0	0	2	16	48	0	0	0	1	0	0
fsh-generated/resources/ValueSet-exertion-phase.json	1934	2	0	0	0	0	0	0	0	3	0	0	0	0	0	0	0	0	0	0	1	13	43	0	0	0	0	0	0
fsh-generated/resources/ValueSet-heart-rate-measurement-body-location.json	5722	2	0	0	0	0	0	0	0	5	0	0	0	0	0	0	0	0	0	0	2	24	72	0	0	0	0	0	0
fsh-generated/resources/ValueSet-heart-rate-measurement-method.json	2691	2	0	0	0	0	0	0	1	3	0	0	0	0	0	0	0	0	0	0	1	15	48	0	0	0	0	0	0
fsh-generated/resources/ValueSet-heart-rate-observation.json	2198	2	0	0	0	0	0	0	0	2	0	0	0	0	0	0	0	0	0	0	2	12	54	0	0	0	0	0	0
fsh-generated/resources/ValueSet-height-length-measurement-method.json	1862	2	0	0	0	0	0	0	0	2	0	0	0	0	0	0	0	0	0	0	1	11	42	0	0	0	1	0	0
fsh-generated/resources/ValueSet-measurement-environment.json	1860	2	0	0	0	0	0	0	0	2	0	0	0	0	0	0	0	0	0	0	2	9	44	0	0	0	0	0	0
fsh-generated/resources/ValueSet-numeric-result-interpretation-non-panic.json	1812	2	0	0	0	0	0	0	0	5	0	0	0	0	0	0	0	0	0	0	1	13	43	0	0	0	0	0	1
fsh-generated/resources/ValueSet-numeric-result-interpretation.json	1946	2	0	0	0	0	0	0	0	3	0	0	0	0	0	0	0	0	0	0	3	16	46	0	0	0	0	0	0
fsh-generated/resources/ValueSet-vital-signs-body-position.json	3057	3	0	0	0	0	0	0	0	4	0	0	0	0	0	0	0	0	0	0	2	14	54	0	0	0	0	0	0
fsh-generated/resources/ValueSet-vital-signs-rate-unit.json	1441	2	0	0	0	0	0	0	0	2	0	0	0	0	0	0	0	0	0	0	2	10	43	0	0	0	0	0	0
fsh-generated/resources/ValueSet-vital-signs-sleep-status.json	1746	2	0	0	0	0	0	0	0	2	0	0	0	0	0	0	0	0	0	0	1	10	66	0	0	0	0	0	0
fsh-generated/resources/ValueSet-waist-circumference-obervation.json	971	1	0	0	0	0	0	0	0	1	0	0	0	0	0	0	0	0	0	0	1	9	39	0	0	0	0	0	0
/input/includes/markdown-link-references.md	240	-	-	-	0	0	0	0	0	0	0	0	0	0	0	0	0	0	0	0	0	0	1	0	0	0	0	0	0
/fsh-generated/includes/fsh-link-references.md	3827	-	-	-	0	0	0	0	0	0	0	0	0	0	0	0	0	0	0	0	0	0	1	0	0	0	0	0	0
/fsh-generated/includes/menu.xml	1043	-	-	-	0	0	0	0	0	0	0	0	0	0	0	0	0	0	0	0	0	0	1	0	0	0	0	0	0
/input/pagecontent/changelog.md	308	-	-	-	0	0	0	0	0	0	0	0	0	0	0	0	0	0	0	0	0	0	0	0	0	0	0	0	0
/input/pagecontent/index.md	3919	-	-	-	0	0	0	0	0	0	0	0	0	0	0	0	0	0	0	0	0	0	1	0	0	0	0	0	0
/input/pagecontent/translationinfo.md	6	-	-	-	0	0	0	0	0	0	0	0	0	0	0	0	0	0	0	0	0	0	1	0	0	0	0	0	0
/template/config	0	-	-	-	0	0	0	0	0	0	0	0	0	0	0	0	0	0	0	0	0	0	0	0	0	0	0	0	0
/template/config/_config.yml	140	-	-	-	0	0	0	0	0	0	0	0	0	0	0	0	0	0	0	0	0	0	0	0	0	0	0	0	0
/temp/pages/_includes/artifacts.xml	37236	-	-	-	-	-	-	-	-	-	-	-	-	-	-	-	-	-	-	-	-	-	1	0	0	0	0	0	0
