URL,Version,Status,OIDs,Name,Title,Descriptino,Uses,Used,Sources
http://hl7.eu/fhir/base-r5/ValueSet/siteLaterality-eu,0.1.0,active,,SiteLateralityEuVs,Body Structure Laterality,"Body Structure site laterality qualifier. It indicates - for example - the body site laterality from which a laboratory specimen is collected. (based on SNOMED CT)","StructureDefinition/body-structure-blood-pressure","SCT"
http://hl7.eu/fhir/base-r5/ValueSet/siteQualifier-eu,0.1.0,active,,SiteQualifierEuVs,Body Structure Qualifier,"Body Structure site qualifier. It indicates - for example - the body site qualifier from which a laboratory specimen is collected. (based on SNOMED CT)","StructureDefinition/body-structure-blood-pressure","SCT"
http://hl7.org/fhir/ValueSet/all-languages,5.0.0,active,"2.16.840.1.113883.4.642.3.21",AllLanguages,All Languages,"This value set includes all possible codes from BCP-47 (see http://tools.ietf.org/html/bcp47)","StructureDefinition/device-blood-pressure,StructureDefinition/body-structure-blood-pressure,StructureDefinition/blood-pressure-panel,StructureDefinition/device-body-height,StructureDefinition/body-height,StructureDefinition/device-heart-rate,StructureDefinition/heart-rate,StructureDefinition/bmi,StructureDefinition/device-body-weight,StructureDefinition/head-circumference,StructureDefinition/body-weight,StructureDefinition/waist-circumference","hl7.terminology.r5"
http://hl7.org/fhir/ValueSet/body-site,5.0.0,draft,"2.16.840.1.113883.4.642.3.653,2.16.840.1.113883.4.642.2.78,2.16.840.1.113883.4.642.3.141",SNOMEDCTBodyStructures,SNOMED CT Body Structures,"This value set includes all codes from [SNOMED CT](http://snomed.info/sct) where concept is-a 442083009 (Anatomical or acquired body site (body structure)).","StructureDefinition/blood-pressure-panel,StructureDefinition/body-height,StructureDefinition/bmi,StructureDefinition/head-circumference,StructureDefinition/body-weight,StructureDefinition/waist-circumference","SCT"
http://hl7.org/fhir/ValueSet/bodystructure-bodylandmarkorientation-clockface-position,5.0.0,draft,,BodystructureBodyLandmarkClockFacePosition,Bodystructure  Body Landmark  Clock  Face  Position,"Select SNOMED CT codes. A set of codes that describe a things orientation based on a hourly positions of a clock face.","StructureDefinition/body-structure-blood-pressure","SCT"
http://hl7.org/fhir/ValueSet/bodystructure-code,5.0.0,draft,"2.16.840.1.113883.4.642.3.142",SNOMEDCTMorphologicAbnormalities,SNOMED CT Morphologic Abnormalities,"This value set includes all codes from [SNOMED CT](http://snomed.info/sct) where concept is-a 442083009 (Anatomical or acquired body site (body structure)).","StructureDefinition/body-structure-blood-pressure","SCT"
http://hl7.org/fhir/ValueSet/bodystructure-relative-location,5.0.0,draft,"2.16.840.1.113883.4.642.3.140",BodystructureLocationQualifier,Bodystructure Location Qualifier,"SNOMED-CT concepts modifying the anatomic location","StructureDefinition/body-structure-blood-pressure","SCT"
http://hl7.org/fhir/ValueSet/data-absent-reason,5.0.0,active,"2.16.840.1.113883.4.642.3.5",DataAbsentReason,Data Absent Reason,"Used to specify why the normally expected content of the data element is missing.","StructureDefinition/blood-pressure-panel,StructureDefinition/body-height,StructureDefinition/heart-rate,StructureDefinition/bmi,StructureDefinition/head-circumference,StructureDefinition/body-weight,StructureDefinition/waist-circumference","THO"
http://hl7.org/fhir/ValueSet/device-availability-status,5.0.0,draft,"2.16.840.1.113883.4.642.3.3198",FHIRDeviceAvailabilityStatus,FHIR Device Availability Status,"The availability status of the device.","StructureDefinition/device-blood-pressure,StructureDefinition/device-body-height,StructureDefinition/device-heart-rate,StructureDefinition/device-body-weight","hl7.fhir.r5.core"
http://hl7.org/fhir/ValueSet/device-category,5.0.0,draft,"2.16.840.1.113883.4.642.3.3307",FHIRDeviceCategory,FHIR Device Category,"The association state of the device.","StructureDefinition/device-blood-pressure,StructureDefinition/device-body-height,StructureDefinition/device-heart-rate,StructureDefinition/device-body-weight","hl7.fhir.r5.core"
http://hl7.org/fhir/ValueSet/device-nametype,5.0.0,draft,"2.16.840.1.113883.4.642.3.1083",DeviceNameType,Device Name Type,"The type of name the device is referred by.","StructureDefinition/device-blood-pressure,StructureDefinition/device-body-height,StructureDefinition/device-heart-rate,StructureDefinition/device-body-weight","hl7.fhir.r5.core"
http://hl7.org/fhir/ValueSet/device-operation-mode,5.0.0,draft,"2.16.840.1.113883.4.642.3.3309",FHIRDeviceOperationMode,FHIR Device Operation Mode,"The operation mode of the device.","StructureDefinition/device-blood-pressure,StructureDefinition/device-body-height,StructureDefinition/device-heart-rate,StructureDefinition/device-body-weight","hl7.fhir.r5.core"
http://hl7.org/fhir/ValueSet/device-property-type,5.0.0,draft,"2.16.840.1.113883.4.642.3.3195",DeviceType,Device Property Type,"Codes used to identify medical devices. Includes concepts from SNOMED CT (http://www.snomed.org/) where concept is-a 49062001 (Device)  and is provided as a suggestive example.","StructureDefinition/device-blood-pressure,StructureDefinition/device-body-height,StructureDefinition/device-heart-rate,StructureDefinition/device-body-weight","SCT,hl7.terminology.r5,Other"
http://hl7.org/fhir/ValueSet/device-safety,5.0.0,draft,"2.16.840.1.113883.4.642.3.213,2.16.840.1.113883.4.642.3.893",DeviceSafety,Device Safety,"Codes used to identify medical devices safety characteristics. These codes are taken from the [NCI Thesaurus](https://ncit.nci.nih.gov/ncitbrowser/pages/home.jsf) and are provided here as a suggestive example.","StructureDefinition/device-blood-pressure,StructureDefinition/device-body-height,StructureDefinition/device-heart-rate,StructureDefinition/device-body-weight","Other"
http://hl7.org/fhir/ValueSet/device-specification-category,5.0.0,draft,"2.16.840.1.113883.4.642.3.3197",DeviceSpecificationCategory,Device Specification Category,"The kind of standards used by the device.","StructureDefinition/device-blood-pressure,StructureDefinition/device-body-height,StructureDefinition/device-heart-rate,StructureDefinition/device-body-weight","hl7.fhir.r5.core"
http://hl7.org/fhir/ValueSet/device-specification-type,5.0.0,draft,"2.16.840.1.113883.4.642.3.3204",DeviceSpecificationType,Device Specification Type,"The type or specification of a standard that devices can adhere to","StructureDefinition/device-blood-pressure,StructureDefinition/device-body-height,StructureDefinition/device-heart-rate,StructureDefinition/device-body-weight","hl7.terminology.r5"
http://hl7.org/fhir/ValueSet/device-status,5.0.0,draft,"2.16.840.1.113883.4.642.3.199,2.16.840.1.113883.4.642.3.209",FHIRDeviceStatus,FHIR Device Status,"The status of the Device record.","StructureDefinition/device-blood-pressure,StructureDefinition/device-body-height,StructureDefinition/device-heart-rate,StructureDefinition/device-body-weight","hl7.fhir.r5.core"
http://hl7.org/fhir/ValueSet/device-type,5.0.0,draft,"2.16.840.1.113883.4.642.3.1376",DeviceType,Device Type,"Codes used to identify medical devices. Includes concepts from SNOMED CT (http://www.snomed.org/) where concept is-a 49062001 (Device)  and is provided as a suggestive example.","StructureDefinition/body-structure-blood-pressure","SCT,hl7.terminology.r5,Other"
http://hl7.org/fhir/ValueSet/device-versiontype,5.0.0,draft,"2.16.840.1.113883.4.642.3.3202",DeviceVersionType,Device Version Type,"Describes the type of version","StructureDefinition/device-blood-pressure,StructureDefinition/device-body-height,StructureDefinition/device-heart-rate,StructureDefinition/device-body-weight","hl7.terminology.r5"
http://hl7.org/fhir/ValueSet/languages,5.0.0,active,"2.16.840.1.113883.4.642.3.891,2.16.840.1.113883.4.642.3.20",CommonLanguages,Common Languages,"This value set includes common codes from BCP-47 (see http://tools.ietf.org/html/bcp47)","StructureDefinition/device-blood-pressure,StructureDefinition/body-structure-blood-pressure,StructureDefinition/blood-pressure-panel,StructureDefinition/device-body-height,StructureDefinition/body-height,StructureDefinition/device-heart-rate,StructureDefinition/heart-rate,StructureDefinition/bmi,StructureDefinition/device-body-weight,StructureDefinition/head-circumference,StructureDefinition/body-weight,StructureDefinition/waist-circumference","hl7.terminology.r5"
http://hl7.org/fhir/ValueSet/observation-category,5.0.0,draft,"2.16.840.1.113883.4.642.3.403,2.16.840.1.113883.4.642.2.222,2.16.840.1.113883.4.642.3.392",ObservationCategoryCodes,Observation Category Codes,"Observation Category codes.","StructureDefinition/blood-pressure-panel,StructureDefinition/body-height,StructureDefinition/heart-rate,StructureDefinition/bmi,StructureDefinition/head-circumference,StructureDefinition/body-weight,StructureDefinition/waist-circumference","THO"
http://hl7.org/fhir/ValueSet/observation-codes,5.0.0,draft,"2.16.840.1.113883.4.642.2.216,2.16.840.1.113883.4.642.3.396,2.16.840.1.113883.4.642.3.383",LOINCCodes,LOINC Codes,"This value set includes all LOINC codes","StructureDefinition/blood-pressure-panel,StructureDefinition/body-height,StructureDefinition/heart-rate,StructureDefinition/bmi,StructureDefinition/head-circumference,StructureDefinition/body-weight,StructureDefinition/waist-circumference","LOINC"
http://hl7.org/fhir/ValueSet/observation-interpretation,5.0.0,active,"2.16.840.1.113883.4.642.3.399,2.16.840.1.113883.4.642.3.386,2.16.840.1.113883.4.642.2.218",ObservationInterpretationCodes,Observation Interpretation Codes,"A categorical assessment, providing a rough qualitative interpretation of the observation value,    such as “normal”/ “abnormal”,”low” / “high”, “better” / “worse”, “susceptible” / “resistant”, “expected”/ “not expected”.    The value set is intended to be for ANY use where coded representation of an interpretation is needed.             Notes:          This is being communicated in v2.x in OBX-8 (Observation Interpretation), in v3 in ObservationInterpretation (CWE) in R1 (Representative Realm) and in FHIR in    Observation.interpretation. Historically these values come from the laboratory domain, and these codes are extensively    used. The value set binding is extensible, so codes outside the value set that are needed for interpretation concepts    (i.e. particular meanings) that are not included in the value set can be used, and these new codes may also be added to    the value set and published in a future version.","StructureDefinition/blood-pressure-panel,StructureDefinition/body-height,StructureDefinition/heart-rate,StructureDefinition/bmi,StructureDefinition/head-circumference,StructureDefinition/body-weight,StructureDefinition/waist-circumference","THO (V3)"
http://hl7.org/fhir/ValueSet/observation-methods,5.0.0,draft,"2.16.840.1.113883.4.642.2.215,2.16.840.1.113883.4.642.3.395,2.16.840.1.113883.4.642.3.382",ObservationMethods,Observation Methods,"Observation Method codes from [SNOMED CT](http://snomed.info/sct) where concept is-a 272394005 (Technique (qualifier value)) or is-a 129264002 (Action (qualifier value)) or is-a 386053000 (Evaluation procedure(procedure))","StructureDefinition/bmi,StructureDefinition/head-circumference,StructureDefinition/body-weight,StructureDefinition/waist-circumference","SCT"
http://hl7.org/fhir/ValueSet/observation-referencerange-normalvalue,5.0.0,draft,"2.16.840.1.113883.4.642.3.3264",ObservationReferenceRangeNormalValueCodes,Observation Reference Range Normal Value Codes,"Codes that describe the normal value in the reference range, such as “Negative” or “Absent”","StructureDefinition/blood-pressure-panel,StructureDefinition/body-height,StructureDefinition/heart-rate,StructureDefinition/bmi,StructureDefinition/head-circumference,StructureDefinition/body-weight,StructureDefinition/waist-circumference","hl7.fhir.r5.core"
http://hl7.org/fhir/ValueSet/observation-status,5.0.0,active,"2.16.840.1.113883.4.642.3.400,2.16.840.1.113883.4.642.3.387,2.16.840.1.113883.4.642.2.219",ObservationStatus,Observation Status,"Codes providing the status of an observation.","StructureDefinition/blood-pressure-panel,StructureDefinition/body-height,StructureDefinition/heart-rate,StructureDefinition/bmi,StructureDefinition/head-circumference,StructureDefinition/body-weight,StructureDefinition/waist-circumference","hl7.fhir.r5.core"
http://hl7.org/fhir/ValueSet/observation-triggeredbytype,5.0.0,active,"2.16.840.1.113883.4.642.3.3265",TriggeredBytype,triggered Bytype,"Codes providing the type of triggeredBy observation.","StructureDefinition/blood-pressure-panel,StructureDefinition/body-height,StructureDefinition/heart-rate,StructureDefinition/bmi,StructureDefinition/head-circumference,StructureDefinition/body-weight,StructureDefinition/waist-circumference","hl7.fhir.r5.core"
http://hl7.org/fhir/ValueSet/quantity-comparator,5.0.0,active,"2.16.840.1.113883.4.642.3.59",QuantityComparator,QuantityComparator,"How the Quantity should be understood and represented.","StructureDefinition/blood-pressure-panel","hl7.fhir.r5.core"
http://hl7.org/fhir/ValueSet/referencerange-appliesto,5.0.0,draft,"2.16.840.1.113883.4.642.3.407,2.16.840.1.113883.4.642.3.396",ObservationReferenceRangeAppliesToCodes,Observation Reference Range Applies To Codes,"This value set defines a set of codes that can be used to indicate the particular target population the reference range applies to.","StructureDefinition/blood-pressure-panel,StructureDefinition/body-height,StructureDefinition/heart-rate,StructureDefinition/bmi,StructureDefinition/head-circumference,StructureDefinition/body-weight,StructureDefinition/waist-circumference","SCT"
http://hl7.org/fhir/ValueSet/referencerange-meaning,5.0.0,draft,"2.16.840.1.113883.4.642.3.397,2.16.840.1.113883.4.642.2.217,2.16.840.1.113883.4.642.3.384",ObservationReferenceRangeMeaningCodes,Observation Reference Range Meaning Codes,"This value set defines a set of codes that can be used to indicate the meaning/use of a reference range for a particular target population.","StructureDefinition/blood-pressure-panel,StructureDefinition/body-height,StructureDefinition/heart-rate,StructureDefinition/bmi,StructureDefinition/head-circumference,StructureDefinition/body-weight,StructureDefinition/waist-circumference","THO"
http://hl7.org/fhir/ValueSet/ucum-bodylength,5.0.0,draft,"2.16.840.1.113883.4.642.3.873,2.16.840.1.113883.4.642.3.958",BodyLengthUnits,Body Length Units,"UCUM units for recording body length measures such as height and head circumference","StructureDefinition/body-height,StructureDefinition/head-circumference,StructureDefinition/waist-circumference","UCUM"
http://hl7.org/fhir/ValueSet/ucum-bodyweight,5.0.0,draft,"2.16.840.1.113883.4.642.3.871,2.16.840.1.113883.4.642.3.956",BodyWeightUnits,Body Weight Units,"UCUM units for recording Body Weight","StructureDefinition/body-weight","UCUM"
http://hl7.org/fhir/ValueSet/udi-entry-type,5.0.0,draft,"2.16.840.1.113883.4.642.3.201,2.16.840.1.113883.4.642.3.211",UDIEntryType,UDI Entry Type,"Codes to identify how UDI data was entered.","StructureDefinition/device-blood-pressure,StructureDefinition/device-body-height,StructureDefinition/device-heart-rate,StructureDefinition/device-body-weight","hl7.fhir.r5.core"
https://hl7.lt/fhir/tx/ValueSet/bp-unit,6.0.0,active,,BloodPressureUnit,Blood Pressure Units,"UCUM units for recording blood pressure.","StructureDefinition/blood-pressure-panel","UCUM"
https://hl7.lt/fhir/vitalsigns/ValueSet/bmi-unit,6.0.0,active,,BMIUnit,BMI Units,"UCUM units for recording BMI","StructureDefinition/bmi","UCUM"
https://hl7.lt/fhir/vitalsigns/ValueSet/body-height-observation,6.0.0,active,,BodyHeightObservation,Body Height observation codes,"This value set defines the set of LOINC codes considered to be appropriate for representing body height (including body length) vital sign measurements in Observation.code.","StructureDefinition/body-height","LOINC"
https://hl7.lt/fhir/vitalsigns/ValueSet/body-length-unit,6.0.0,active,"2.16.840.1.113883.4.642.3.873,2.16.840.1.113883.4.642.3.958",BodyLengthUnit,Body Length Units,"UCUM units for recording body length measures such as height and head circumference",,"UCUM"
https://hl7.lt/fhir/vitalsigns/ValueSet/body-weight-associated-situation,1.0.0,active,,BodyWeightAssociatedSituation,Body Weight Associated Situation,"SELECT SNOMED CT code system values and temporary code system values that describe situations to be considered when interpreting measured values.","StructureDefinition/body-weight","SCT,Internal"
https://hl7.lt/fhir/vitalsigns/ValueSet/body-weight-observation,6.0.0,active,,BodyWeightObservation,Body Weight observation codes,"This value set defines the set of LOINC codes considered to be appropriate for representing body weight vital sign measurements in Observation.code.","StructureDefinition/body-weight","LOINC"
https://hl7.lt/fhir/vitalsigns/ValueSet/bp-cuff-size,1.0.0,active,,BloodPressureCuffSize,Blood Pressure Cuff Size,"SELECT SNOMED CT code system values that describe the size of blood pressure cuff in use.","StructureDefinition/device-blood-pressure","SCT"
https://hl7.lt/fhir/vitalsigns/ValueSet/bp-diastolic-observation,6.0.0,active,,BloodPressureDiastolicObservation,BP Diastolic observation codes,"This value set defines the set of LOINC codes considered to be appropriate for representing an arterial diastolic BP vital sign measurement in Observation.component.code.","StructureDefinition/blood-pressure-panel","LOINC"
https://hl7.lt/fhir/vitalsigns/ValueSet/bp-measurement-body-location,2.0.0,draft,,BloodPressureMeasurementBodyLocation,Blood Pressure Measurement Body Location,"SELECT SNOMED CT code system values that describe the location on the body where the blood pressure was measured.","StructureDefinition/body-structure-blood-pressure","SCT"
https://hl7.lt/fhir/vitalsigns/ValueSet/bp-measurement-method,1.0.0,active,,BloodPressureMeasurementMethod,Blood Pressure Measurement Method,"SELECT SNOMED CT code system values that describe how a blood pressure was measured.","StructureDefinition/blood-pressure-panel","SCT,Internal"
https://hl7.lt/fhir/vitalsigns/ValueSet/bp-panel-observation,6.0.0,active,,BloodPressurePanelObservation,BP Panel observation codes,"This value set defines the set of LOINC codes considered to be appropriate for representing an arterial szstolic and diastolic BP panel of vital signs measurements in Observation.component.code.","StructureDefinition/blood-pressure-panel","LOINC"
https://hl7.lt/fhir/vitalsigns/ValueSet/bp-systolic-observation,6.0.0,active,,BloodPressureSystolicObservation,BP Systolic observation codes,"This value set defines the set of LOINC codes considered to be appropriate for representing an arterial systolic BP vital sign measurement in Observation.component.code.","StructureDefinition/blood-pressure-panel","LOINC"
https://hl7.lt/fhir/vitalsigns/ValueSet/device-type-blood-pressure,1.0.0,active,,DeviceTypeBloodPressure,Device Types for Blood Pressure Measurement,"SELECT SNOMED CT code system values that describe the isntrument used to measure the blood pressure.","StructureDefinition/device-blood-pressure","SCT"
https://hl7.lt/fhir/vitalsigns/ValueSet/device-type-heart-rate,1.0.0,active,,DeviceTypeHeartRate,Device Types for Heart Rate Measurement,"SELECT SNOMED CT code system values that describe the instrument used to measure the heart rate.","StructureDefinition/device-heart-rate","SCT"
https://hl7.lt/fhir/vitalsigns/ValueSet/device-type-height-length,1.0.0,active,,DeviceTypeHeightLength,Device Types for Height Length Measurement,"SELECT SNOMED CT code system values that describe the instrument used to measure the body height/length.","StructureDefinition/device-body-height","SCT,Internal"
https://hl7.lt/fhir/vitalsigns/ValueSet/device-type-weight,1.0.0,active,,DeviceTypeWeight,Device Types for Weight Measurement,"SELECT SNOMED CT code system values that describe the instrument used to measure the body weight.","StructureDefinition/device-body-weight","SCT,Internal"
https://hl7.lt/fhir/vitalsigns/ValueSet/exertion-phase,1.0.0,active,,ExertionPhase,Exertion Phase,"SELECT SNOMED CT code system values that contains terms for exercise associated with a measurement.","StructureDefinition/exercise-association","SCT"
https://hl7.lt/fhir/vitalsigns/ValueSet/heart-rate-measurement-body-location,1.0.0,active,,HeartRateMeasurementBodyLocation,Heart Rate Measurement Body Location,"SELECT SNOMED CT code system values that describe where on the body the heart rate was measured.","StructureDefinition/heart-rate","SCT,Internal"
https://hl7.lt/fhir/vitalsigns/ValueSet/heart-rate-measurement-method,1.0.0,active,,HeartRateMeasurementMethod,Heart Rate Measurement Method,"SELECT SNOMED CT code system values that describe how the heart rate was measured.","StructureDefinition/heart-rate","SCT,Internal"
https://hl7.lt/fhir/vitalsigns/ValueSet/heart-rate-observation,6.0.0,active,,HeartRateObservation,Heart Rate observation codes,"This value set defines the set of LOINC codes considered to be appropriate for representing heart rate vital sign measurements in Observation.code.","StructureDefinition/heart-rate","LOINC"
https://hl7.lt/fhir/vitalsigns/ValueSet/height-length-measurement-method,1.0.0,active,,HeightLengthMeasurementMethod,Height Length Measurement Method,"SELECT SNOMED CT code system values that describe how the height/length was measured.","StructureDefinition/body-height","SCT"
https://hl7.lt/fhir/vitalsigns/ValueSet/measurement-environment,1.0.0,active,,MeasurementEnvironment,Measurement Environment,"Environment that indicate the surroundings the individual was in during the measurement (i.e. home, clinic, hospital, etc.).","StructureDefinition/measurement-setting","SCT"
https://hl7.lt/fhir/vitalsigns/ValueSet/numeric-result-interpretation,1.0.0,active,,NumericResultInterpretation,Numeric Result Interpretation value set,"The HL7 V3:ObservationInterpretation code set (OID: 2.16.840.1.113883.5.83) that describes interpretations associated with a measured value.","StructureDefinition/blood-pressure-panel,StructureDefinition/heart-rate","THO (V3)"
https://hl7.lt/fhir/vitalsigns/ValueSet/numeric-result-interpretation-non-panic,1.0.0,active,,NumericResultInterpretationNonPanic,Numeric Result Interpretation without panic values, value set,"The HL7 V3:ObservationInterpretation code set (OID: 2.16.840.1.113883.5.83) that describes interpretations associated with a measured value, constrained to terms that are not those associated with 'panic' terms.","StructureDefinition/body-height,StructureDefinition/bmi,StructureDefinition/head-circumference,StructureDefinition/body-weight,StructureDefinition/waist-circumference","THO (V3)"
https://hl7.lt/fhir/vitalsigns/ValueSet/vital-signs-body-position,1.0.0,active,,VitalSignsBodyPosition,Body Position used in Vital Signs Measurements,"SELECT SNOMED CT code system values the position in which the individual was in during a measurement.","StructureDefinition/body-position,StructureDefinition/body-structure-blood-pressure","SCT"
https://hl7.lt/fhir/vitalsigns/ValueSet/vital-signs-rate-unit,6.0.0,active,,VitalSignsRateUnit,Rate Units,"UCUM rate units for recording vital signs including heart and respiratory rate.","StructureDefinition/heart-rate","UCUM"
https://hl7.lt/fhir/vitalsigns/ValueSet/vital-signs-sleep-status,1.0.0,active,,VitalSignsSleepStatus,Sleep Status in Vital Signs Measurements,"SELECT SNOMED CT code system values that contains terms used to indicate the state of wakefulness during measurement.","StructureDefinition/sleep-status","SCT"
https://hl7.lt/fhir/vitalsigns/ValueSet/waist-circumference-obervation,1.0.0,active,,WaistCircumferenceObservation,Waist Circumference observation codes,"Waist circumference observations.","StructureDefinition/waist-circumference","SCT"
