{
  "resourceType" : "Bundle",
  "id" : "90acd115-22f0-43d1-a11b-2275976d2858",
  "meta" : {
    "lastUpdated" : "2025-10-30T19:04:29.541+02:00"
  },
  "type" : "collection",
  "entry" : [{
    "fullUrl" : "https://hl7.lt/fhir/base/ValueSet/organization-identifier",
    "resource" : {
      "resourceType" : "ValueSet",
      "language" : "en",
      "text" : {
        "status" : "generated",
        "div" : "<div xmlns=\"http://www.w3.org/1999/xhtml\" xml:lang=\"en\" lang=\"en\"><p class=\"res-header-id\"/><p style=\"border: black 1px dotted; background-color: #EEEEEE; padding: 8px; margin-bottom: 8px\">Expansion performed internally based on <a href=\"CodeSystem-identifier-domain.html\">codesystem Identifier Domain v0.2.0 (CodeSystem)</a><span class=\"copy-text-inline\"><button data-clipboard-text=\"https://hl7.lt/fhir/tx/CodeSystem/identifier-domain|0.2.0\" title=\"Click to Copy URL\" class=\"btn-copy\"> </button></span></p><p>This value set contains 4 concepts</p><table class=\"codes\" data-fhir=\"generated\"><tr><td><b>System</b></td><td style=\"white-space:nowrap\"><b>Code</b></td><td><b>Display (en)</b> - English (English, en)</td><td><b>JSON</b></td><td><b>XML</b></td></tr><tr><td><a name=\"x-https://hl7.lt/fhir/tx/CodeSystem/identifier-domain-http://esveikata.lt/Identifier/SVEIDRAID\"> </a><code>https://hl7.lt/fhir/tx/CodeSystem/identifier-domain</code></td><td style=\"white-space:nowrap\">\u00a0\u00a0<a href=\"CodeSystem-identifier-domain.html#identifier-domain-http.58.47.47esveikata.46lt.47Identifier.47SVEIDRAID\">http://esveikata.lt/Identifier/SVEIDRAID</a></td><td>SVEIDRA identifier</td><td><span class=\"copy-text-inline\"><button data-clipboard-text=\"{&quot;system&quot;: &quot;https://hl7.lt/fhir/tx/CodeSystem/identifier-domain&quot;, &quot;version&quot;: &quot;0.2.0&quot;, &quot;code&quot;: &quot;http://esveikata.lt/Identifier/SVEIDRAID&quot;, &quot;display&quot;: &quot;SVEIDRA identifier&quot;}\" title=\"Click to Copy as Coding\" class=\"btn-copy\"> </button></span></td><td><span class=\"copy-text-inline\"><button data-clipboard-text=\"&lt;coding&gt;&lt;system value=&quot;https://hl7.lt/fhir/tx/CodeSystem/identifier-domain&quot;&gt;&lt;version value=&quot;0.2.0&quot;&gt;&lt;code value=&quot;http://esveikata.lt/Identifier/SVEIDRAID&quot;&gt;&lt;display value=&quot;SVEIDRA identifier&quot;&gt;&lt;/coding&gt;\" title=\"Click to Copy as Coding\" class=\"btn-copy\"> </button></span></td></tr><tr><td><a name=\"x-https://hl7.lt/fhir/tx/CodeSystem/identifier-domain-http://esveikata.lt/Identifier/SPILIS\"> </a><code>https://hl7.lt/fhir/tx/CodeSystem/identifier-domain</code></td><td style=\"white-space:nowrap\">\u00a0\u00a0<a href=\"CodeSystem-identifier-domain.html#identifier-domain-http.58.47.47esveikata.46lt.47Identifier.47SPILIS\">http://esveikata.lt/Identifier/SPILIS</a></td><td>SPĮLIS</td><td><span class=\"copy-text-inline\"><button data-clipboard-text=\"{&quot;system&quot;: &quot;https://hl7.lt/fhir/tx/CodeSystem/identifier-domain&quot;, &quot;version&quot;: &quot;0.2.0&quot;, &quot;code&quot;: &quot;http://esveikata.lt/Identifier/SPILIS&quot;, &quot;display&quot;: &quot;SPĮLIS&quot;}\" title=\"Click to Copy as Coding\" class=\"btn-copy\"> </button></span></td><td><span class=\"copy-text-inline\"><button data-clipboard-text=\"&lt;coding&gt;&lt;system value=&quot;https://hl7.lt/fhir/tx/CodeSystem/identifier-domain&quot;&gt;&lt;version value=&quot;0.2.0&quot;&gt;&lt;code value=&quot;http://esveikata.lt/Identifier/SPILIS&quot;&gt;&lt;display value=&quot;SPĮLIS&quot;&gt;&lt;/coding&gt;\" title=\"Click to Copy as Coding\" class=\"btn-copy\"> </button></span></td></tr><tr><td><a name=\"x-https://hl7.lt/fhir/tx/CodeSystem/identifier-domain-http://esveikata.lt/Identifier/ESPBI\"> </a><code>https://hl7.lt/fhir/tx/CodeSystem/identifier-domain</code></td><td style=\"white-space:nowrap\">\u00a0\u00a0<a href=\"CodeSystem-identifier-domain.html#identifier-domain-http.58.47.47esveikata.46lt.47Identifier.47ESPBI\">http://esveikata.lt/Identifier/ESPBI</a></td><td>ESPBI id</td><td><span class=\"copy-text-inline\"><button data-clipboard-text=\"{&quot;system&quot;: &quot;https://hl7.lt/fhir/tx/CodeSystem/identifier-domain&quot;, &quot;version&quot;: &quot;0.2.0&quot;, &quot;code&quot;: &quot;http://esveikata.lt/Identifier/ESPBI&quot;, &quot;display&quot;: &quot;ESPBI id&quot;}\" title=\"Click to Copy as Coding\" class=\"btn-copy\"> </button></span></td><td><span class=\"copy-text-inline\"><button data-clipboard-text=\"&lt;coding&gt;&lt;system value=&quot;https://hl7.lt/fhir/tx/CodeSystem/identifier-domain&quot;&gt;&lt;version value=&quot;0.2.0&quot;&gt;&lt;code value=&quot;http://esveikata.lt/Identifier/ESPBI&quot;&gt;&lt;display value=&quot;ESPBI id&quot;&gt;&lt;/coding&gt;\" title=\"Click to Copy as Coding\" class=\"btn-copy\"> </button></span></td></tr><tr><td><a name=\"x-https://hl7.lt/fhir/tx/CodeSystem/identifier-domain-http://esveikata.lt/Identifier/VAPRIS\"> </a><code>https://hl7.lt/fhir/tx/CodeSystem/identifier-domain</code></td><td style=\"white-space:nowrap\">\u00a0\u00a0<a href=\"CodeSystem-identifier-domain.html#identifier-domain-http.58.47.47esveikata.46lt.47Identifier.47VAPRIS\">http://esveikata.lt/Identifier/VAPRIS</a></td><td>VAPRIS</td><td><span class=\"copy-text-inline\"><button data-clipboard-text=\"{&quot;system&quot;: &quot;https://hl7.lt/fhir/tx/CodeSystem/identifier-domain&quot;, &quot;version&quot;: &quot;0.2.0&quot;, &quot;code&quot;: &quot;http://esveikata.lt/Identifier/VAPRIS&quot;, &quot;display&quot;: &quot;VAPRIS&quot;}\" title=\"Click to Copy as Coding\" class=\"btn-copy\"> </button></span></td><td><span class=\"copy-text-inline\"><button data-clipboard-text=\"&lt;coding&gt;&lt;system value=&quot;https://hl7.lt/fhir/tx/CodeSystem/identifier-domain&quot;&gt;&lt;version value=&quot;0.2.0&quot;&gt;&lt;code value=&quot;http://esveikata.lt/Identifier/VAPRIS&quot;&gt;&lt;display value=&quot;VAPRIS&quot;&gt;&lt;/coding&gt;\" title=\"Click to Copy as Coding\" class=\"btn-copy\"> </button></span></td></tr></table></div>"
      },
      "url" : "https://hl7.lt/fhir/base/ValueSet/organization-identifier",
      "version" : "1.0.0",
      "name" : "LTBaseOrganizationIdentifier",
      "title" : "Organization Identifier",
      "status" : "draft",
      "experimental" : false,
      "date" : "2025-10-30T19:04:29+02:00",
      "jurisdiction" : [{
        "coding" : [{
          "system" : "urn:iso:std:iso:3166",
          "code" : "LT"
        }]
      }],
      "expansion" : {
        "identifier" : "urn:uuid:d47ffce1-8115-4851-8444-f6a3aa2f6790",
        "timestamp" : "2025-10-30T19:04:57+02:00",
        "total" : 4,
        "offset" : 0,
        "parameter" : [{
          "name" : "displayLanguage",
          "valueCode" : "en"
        },
        {
          "name" : "count",
          "valueInteger" : 1000
        },
        {
          "name" : "offset",
          "valueInteger" : 0
        },
        {
          "name" : "excludeNested",
          "valueBoolean" : false
        },
        {
          "name" : "warning-experimental",
          "valueUri" : "https://hl7.lt/fhir/tx/CodeSystem/identifier-domain|0.2.0"
        },
        {
          "name" : "used-codesystem",
          "valueUri" : "https://hl7.lt/fhir/tx/CodeSystem/identifier-domain|0.2.0"
        }],
        "contains" : [{
          "system" : "https://hl7.lt/fhir/tx/CodeSystem/identifier-domain",
          "code" : "http://esveikata.lt/Identifier/SVEIDRAID",
          "display" : "SVEIDRA identifier"
        },
        {
          "system" : "https://hl7.lt/fhir/tx/CodeSystem/identifier-domain",
          "code" : "http://esveikata.lt/Identifier/SPILIS",
          "display" : "SPĮLIS"
        },
        {
          "system" : "https://hl7.lt/fhir/tx/CodeSystem/identifier-domain",
          "code" : "http://esveikata.lt/Identifier/ESPBI",
          "display" : "ESPBI id"
        },
        {
          "system" : "https://hl7.lt/fhir/tx/CodeSystem/identifier-domain",
          "code" : "http://esveikata.lt/Identifier/VAPRIS",
          "display" : "VAPRIS"
        }]
      }
    }
  },
  {
    "fullUrl" : "https://hl7.lt/fhir/base/ValueSet/organization-identifier",
    "resource" : {
      "resourceType" : "ValueSet",
      "language" : "en",
      "text" : {
        "status" : "generated",
        "div" : "<div xmlns=\"http://www.w3.org/1999/xhtml\" xml:lang=\"en\" lang=\"en\"><p class=\"res-header-id\"/><p style=\"border: black 1px dotted; background-color: #EEEEEE; padding: 8px; margin-bottom: 8px\">Expansion performed internally based on <a href=\"CodeSystem-identifier-domain.html\">codesystem Identifier Domain v0.2.0 (CodeSystem)</a><span class=\"copy-text-inline\"><button data-clipboard-text=\"https://hl7.lt/fhir/tx/CodeSystem/identifier-domain|0.2.0\" title=\"Click to Copy URL\" class=\"btn-copy\"> </button></span></p><p>This value set contains 4 concepts</p><table class=\"codes\" data-fhir=\"generated\"><tr><td><b>System</b></td><td style=\"white-space:nowrap\"><b>Code</b></td><td><b>Display (en)</b> - English (English, en)</td><td><b>JSON</b></td><td><b>XML</b></td></tr><tr><td><a name=\"x-https://hl7.lt/fhir/tx/CodeSystem/identifier-domain-http://esveikata.lt/Identifier/SVEIDRAID\"> </a><code>https://hl7.lt/fhir/tx/CodeSystem/identifier-domain</code></td><td style=\"white-space:nowrap\">\u00a0\u00a0<a href=\"CodeSystem-identifier-domain.html#identifier-domain-http.58.47.47esveikata.46lt.47Identifier.47SVEIDRAID\">http://esveikata.lt/Identifier/SVEIDRAID</a></td><td>SVEIDRA identifier</td><td><span class=\"copy-text-inline\"><button data-clipboard-text=\"{&quot;system&quot;: &quot;https://hl7.lt/fhir/tx/CodeSystem/identifier-domain&quot;, &quot;version&quot;: &quot;0.2.0&quot;, &quot;code&quot;: &quot;http://esveikata.lt/Identifier/SVEIDRAID&quot;, &quot;display&quot;: &quot;SVEIDRA identifier&quot;}\" title=\"Click to Copy as Coding\" class=\"btn-copy\"> </button></span></td><td><span class=\"copy-text-inline\"><button data-clipboard-text=\"&lt;coding&gt;&lt;system value=&quot;https://hl7.lt/fhir/tx/CodeSystem/identifier-domain&quot;&gt;&lt;version value=&quot;0.2.0&quot;&gt;&lt;code value=&quot;http://esveikata.lt/Identifier/SVEIDRAID&quot;&gt;&lt;display value=&quot;SVEIDRA identifier&quot;&gt;&lt;/coding&gt;\" title=\"Click to Copy as Coding\" class=\"btn-copy\"> </button></span></td></tr><tr><td><a name=\"x-https://hl7.lt/fhir/tx/CodeSystem/identifier-domain-http://esveikata.lt/Identifier/SPILIS\"> </a><code>https://hl7.lt/fhir/tx/CodeSystem/identifier-domain</code></td><td style=\"white-space:nowrap\">\u00a0\u00a0<a href=\"CodeSystem-identifier-domain.html#identifier-domain-http.58.47.47esveikata.46lt.47Identifier.47SPILIS\">http://esveikata.lt/Identifier/SPILIS</a></td><td>SPĮLIS</td><td><span class=\"copy-text-inline\"><button data-clipboard-text=\"{&quot;system&quot;: &quot;https://hl7.lt/fhir/tx/CodeSystem/identifier-domain&quot;, &quot;version&quot;: &quot;0.2.0&quot;, &quot;code&quot;: &quot;http://esveikata.lt/Identifier/SPILIS&quot;, &quot;display&quot;: &quot;SPĮLIS&quot;}\" title=\"Click to Copy as Coding\" class=\"btn-copy\"> </button></span></td><td><span class=\"copy-text-inline\"><button data-clipboard-text=\"&lt;coding&gt;&lt;system value=&quot;https://hl7.lt/fhir/tx/CodeSystem/identifier-domain&quot;&gt;&lt;version value=&quot;0.2.0&quot;&gt;&lt;code value=&quot;http://esveikata.lt/Identifier/SPILIS&quot;&gt;&lt;display value=&quot;SPĮLIS&quot;&gt;&lt;/coding&gt;\" title=\"Click to Copy as Coding\" class=\"btn-copy\"> </button></span></td></tr><tr><td><a name=\"x-https://hl7.lt/fhir/tx/CodeSystem/identifier-domain-http://esveikata.lt/Identifier/ESPBI\"> </a><code>https://hl7.lt/fhir/tx/CodeSystem/identifier-domain</code></td><td style=\"white-space:nowrap\">\u00a0\u00a0<a href=\"CodeSystem-identifier-domain.html#identifier-domain-http.58.47.47esveikata.46lt.47Identifier.47ESPBI\">http://esveikata.lt/Identifier/ESPBI</a></td><td>ESPBI id</td><td><span class=\"copy-text-inline\"><button data-clipboard-text=\"{&quot;system&quot;: &quot;https://hl7.lt/fhir/tx/CodeSystem/identifier-domain&quot;, &quot;version&quot;: &quot;0.2.0&quot;, &quot;code&quot;: &quot;http://esveikata.lt/Identifier/ESPBI&quot;, &quot;display&quot;: &quot;ESPBI id&quot;}\" title=\"Click to Copy as Coding\" class=\"btn-copy\"> </button></span></td><td><span class=\"copy-text-inline\"><button data-clipboard-text=\"&lt;coding&gt;&lt;system value=&quot;https://hl7.lt/fhir/tx/CodeSystem/identifier-domain&quot;&gt;&lt;version value=&quot;0.2.0&quot;&gt;&lt;code value=&quot;http://esveikata.lt/Identifier/ESPBI&quot;&gt;&lt;display value=&quot;ESPBI id&quot;&gt;&lt;/coding&gt;\" title=\"Click to Copy as Coding\" class=\"btn-copy\"> </button></span></td></tr><tr><td><a name=\"x-https://hl7.lt/fhir/tx/CodeSystem/identifier-domain-http://esveikata.lt/Identifier/VAPRIS\"> </a><code>https://hl7.lt/fhir/tx/CodeSystem/identifier-domain</code></td><td style=\"white-space:nowrap\">\u00a0\u00a0<a href=\"CodeSystem-identifier-domain.html#identifier-domain-http.58.47.47esveikata.46lt.47Identifier.47VAPRIS\">http://esveikata.lt/Identifier/VAPRIS</a></td><td>VAPRIS</td><td><span class=\"copy-text-inline\"><button data-clipboard-text=\"{&quot;system&quot;: &quot;https://hl7.lt/fhir/tx/CodeSystem/identifier-domain&quot;, &quot;version&quot;: &quot;0.2.0&quot;, &quot;code&quot;: &quot;http://esveikata.lt/Identifier/VAPRIS&quot;, &quot;display&quot;: &quot;VAPRIS&quot;}\" title=\"Click to Copy as Coding\" class=\"btn-copy\"> </button></span></td><td><span class=\"copy-text-inline\"><button data-clipboard-text=\"&lt;coding&gt;&lt;system value=&quot;https://hl7.lt/fhir/tx/CodeSystem/identifier-domain&quot;&gt;&lt;version value=&quot;0.2.0&quot;&gt;&lt;code value=&quot;http://esveikata.lt/Identifier/VAPRIS&quot;&gt;&lt;display value=&quot;VAPRIS&quot;&gt;&lt;/coding&gt;\" title=\"Click to Copy as Coding\" class=\"btn-copy\"> </button></span></td></tr></table></div>"
      },
      "url" : "https://hl7.lt/fhir/base/ValueSet/organization-identifier",
      "version" : "1.0.0",
      "name" : "LTBaseOrganizationIdentifier",
      "title" : "Organization Identifier",
      "status" : "draft",
      "experimental" : false,
      "date" : "2025-10-30T19:04:29+02:00",
      "jurisdiction" : [{
        "coding" : [{
          "system" : "urn:iso:std:iso:3166",
          "code" : "LT"
        }]
      }],
      "expansion" : {
        "identifier" : "urn:uuid:d47ffce1-8115-4851-8444-f6a3aa2f6790",
        "timestamp" : "2025-10-30T19:04:57+02:00",
        "total" : 4,
        "offset" : 0,
        "parameter" : [{
          "name" : "displayLanguage",
          "valueCode" : "en"
        },
        {
          "name" : "count",
          "valueInteger" : 1000
        },
        {
          "name" : "offset",
          "valueInteger" : 0
        },
        {
          "name" : "excludeNested",
          "valueBoolean" : false
        },
        {
          "name" : "warning-experimental",
          "valueUri" : "https://hl7.lt/fhir/tx/CodeSystem/identifier-domain|0.2.0"
        },
        {
          "name" : "used-codesystem",
          "valueUri" : "https://hl7.lt/fhir/tx/CodeSystem/identifier-domain|0.2.0"
        }],
        "contains" : [{
          "system" : "https://hl7.lt/fhir/tx/CodeSystem/identifier-domain",
          "code" : "http://esveikata.lt/Identifier/SVEIDRAID",
          "display" : "SVEIDRA identifier"
        },
        {
          "system" : "https://hl7.lt/fhir/tx/CodeSystem/identifier-domain",
          "code" : "http://esveikata.lt/Identifier/SPILIS",
          "display" : "SPĮLIS"
        },
        {
          "system" : "https://hl7.lt/fhir/tx/CodeSystem/identifier-domain",
          "code" : "http://esveikata.lt/Identifier/ESPBI",
          "display" : "ESPBI id"
        },
        {
          "system" : "https://hl7.lt/fhir/tx/CodeSystem/identifier-domain",
          "code" : "http://esveikata.lt/Identifier/VAPRIS",
          "display" : "VAPRIS"
        }]
      }
    }
  },
  {
    "fullUrl" : "https://hl7.lt/fhir/base/ValueSet/organization-identifier",
    "resource" : {
      "resourceType" : "ValueSet",
      "language" : "en",
      "text" : {
        "status" : "generated",
        "div" : "<div xmlns=\"http://www.w3.org/1999/xhtml\" xml:lang=\"en\" lang=\"en\"><p class=\"res-header-id\"/><p style=\"border: black 1px dotted; background-color: #EEEEEE; padding: 8px; margin-bottom: 8px\">Expansion performed internally based on <a href=\"CodeSystem-identifier-domain.html\">codesystem Identifier Domain v0.2.0 (CodeSystem)</a><span class=\"copy-text-inline\"><button data-clipboard-text=\"https://hl7.lt/fhir/tx/CodeSystem/identifier-domain|0.2.0\" title=\"Click to Copy URL\" class=\"btn-copy\"> </button></span></p><p>This value set contains 4 concepts</p><table class=\"codes\" data-fhir=\"generated\"><tr><td><b>System</b></td><td style=\"white-space:nowrap\"><b>Code</b></td><td><b>Display (en)</b> - English (English, en)</td><td><b>JSON</b></td><td><b>XML</b></td></tr><tr><td><a name=\"x-https://hl7.lt/fhir/tx/CodeSystem/identifier-domain-http://esveikata.lt/Identifier/SVEIDRAID\"> </a><code>https://hl7.lt/fhir/tx/CodeSystem/identifier-domain</code></td><td style=\"white-space:nowrap\">\u00a0\u00a0<a href=\"CodeSystem-identifier-domain.html#identifier-domain-http.58.47.47esveikata.46lt.47Identifier.47SVEIDRAID\">http://esveikata.lt/Identifier/SVEIDRAID</a></td><td>SVEIDRA identifier</td><td><span class=\"copy-text-inline\"><button data-clipboard-text=\"{&quot;system&quot;: &quot;https://hl7.lt/fhir/tx/CodeSystem/identifier-domain&quot;, &quot;version&quot;: &quot;0.2.0&quot;, &quot;code&quot;: &quot;http://esveikata.lt/Identifier/SVEIDRAID&quot;, &quot;display&quot;: &quot;SVEIDRA identifier&quot;}\" title=\"Click to Copy as Coding\" class=\"btn-copy\"> </button></span></td><td><span class=\"copy-text-inline\"><button data-clipboard-text=\"&lt;coding&gt;&lt;system value=&quot;https://hl7.lt/fhir/tx/CodeSystem/identifier-domain&quot;&gt;&lt;version value=&quot;0.2.0&quot;&gt;&lt;code value=&quot;http://esveikata.lt/Identifier/SVEIDRAID&quot;&gt;&lt;display value=&quot;SVEIDRA identifier&quot;&gt;&lt;/coding&gt;\" title=\"Click to Copy as Coding\" class=\"btn-copy\"> </button></span></td></tr><tr><td><a name=\"x-https://hl7.lt/fhir/tx/CodeSystem/identifier-domain-http://esveikata.lt/Identifier/SPILIS\"> </a><code>https://hl7.lt/fhir/tx/CodeSystem/identifier-domain</code></td><td style=\"white-space:nowrap\">\u00a0\u00a0<a href=\"CodeSystem-identifier-domain.html#identifier-domain-http.58.47.47esveikata.46lt.47Identifier.47SPILIS\">http://esveikata.lt/Identifier/SPILIS</a></td><td>SPĮLIS</td><td><span class=\"copy-text-inline\"><button data-clipboard-text=\"{&quot;system&quot;: &quot;https://hl7.lt/fhir/tx/CodeSystem/identifier-domain&quot;, &quot;version&quot;: &quot;0.2.0&quot;, &quot;code&quot;: &quot;http://esveikata.lt/Identifier/SPILIS&quot;, &quot;display&quot;: &quot;SPĮLIS&quot;}\" title=\"Click to Copy as Coding\" class=\"btn-copy\"> </button></span></td><td><span class=\"copy-text-inline\"><button data-clipboard-text=\"&lt;coding&gt;&lt;system value=&quot;https://hl7.lt/fhir/tx/CodeSystem/identifier-domain&quot;&gt;&lt;version value=&quot;0.2.0&quot;&gt;&lt;code value=&quot;http://esveikata.lt/Identifier/SPILIS&quot;&gt;&lt;display value=&quot;SPĮLIS&quot;&gt;&lt;/coding&gt;\" title=\"Click to Copy as Coding\" class=\"btn-copy\"> </button></span></td></tr><tr><td><a name=\"x-https://hl7.lt/fhir/tx/CodeSystem/identifier-domain-http://esveikata.lt/Identifier/ESPBI\"> </a><code>https://hl7.lt/fhir/tx/CodeSystem/identifier-domain</code></td><td style=\"white-space:nowrap\">\u00a0\u00a0<a href=\"CodeSystem-identifier-domain.html#identifier-domain-http.58.47.47esveikata.46lt.47Identifier.47ESPBI\">http://esveikata.lt/Identifier/ESPBI</a></td><td>ESPBI id</td><td><span class=\"copy-text-inline\"><button data-clipboard-text=\"{&quot;system&quot;: &quot;https://hl7.lt/fhir/tx/CodeSystem/identifier-domain&quot;, &quot;version&quot;: &quot;0.2.0&quot;, &quot;code&quot;: &quot;http://esveikata.lt/Identifier/ESPBI&quot;, &quot;display&quot;: &quot;ESPBI id&quot;}\" title=\"Click to Copy as Coding\" class=\"btn-copy\"> </button></span></td><td><span class=\"copy-text-inline\"><button data-clipboard-text=\"&lt;coding&gt;&lt;system value=&quot;https://hl7.lt/fhir/tx/CodeSystem/identifier-domain&quot;&gt;&lt;version value=&quot;0.2.0&quot;&gt;&lt;code value=&quot;http://esveikata.lt/Identifier/ESPBI&quot;&gt;&lt;display value=&quot;ESPBI id&quot;&gt;&lt;/coding&gt;\" title=\"Click to Copy as Coding\" class=\"btn-copy\"> </button></span></td></tr><tr><td><a name=\"x-https://hl7.lt/fhir/tx/CodeSystem/identifier-domain-http://esveikata.lt/Identifier/VAPRIS\"> </a><code>https://hl7.lt/fhir/tx/CodeSystem/identifier-domain</code></td><td style=\"white-space:nowrap\">\u00a0\u00a0<a href=\"CodeSystem-identifier-domain.html#identifier-domain-http.58.47.47esveikata.46lt.47Identifier.47VAPRIS\">http://esveikata.lt/Identifier/VAPRIS</a></td><td>VAPRIS</td><td><span class=\"copy-text-inline\"><button data-clipboard-text=\"{&quot;system&quot;: &quot;https://hl7.lt/fhir/tx/CodeSystem/identifier-domain&quot;, &quot;version&quot;: &quot;0.2.0&quot;, &quot;code&quot;: &quot;http://esveikata.lt/Identifier/VAPRIS&quot;, &quot;display&quot;: &quot;VAPRIS&quot;}\" title=\"Click to Copy as Coding\" class=\"btn-copy\"> </button></span></td><td><span class=\"copy-text-inline\"><button data-clipboard-text=\"&lt;coding&gt;&lt;system value=&quot;https://hl7.lt/fhir/tx/CodeSystem/identifier-domain&quot;&gt;&lt;version value=&quot;0.2.0&quot;&gt;&lt;code value=&quot;http://esveikata.lt/Identifier/VAPRIS&quot;&gt;&lt;display value=&quot;VAPRIS&quot;&gt;&lt;/coding&gt;\" title=\"Click to Copy as Coding\" class=\"btn-copy\"> </button></span></td></tr></table></div>"
      },
      "url" : "https://hl7.lt/fhir/base/ValueSet/organization-identifier",
      "version" : "1.0.0",
      "name" : "LTBaseOrganizationIdentifier",
      "title" : "Organization Identifier",
      "status" : "draft",
      "experimental" : false,
      "date" : "2025-10-30T19:04:29+02:00",
      "jurisdiction" : [{
        "coding" : [{
          "system" : "urn:iso:std:iso:3166",
          "code" : "LT"
        }]
      }],
      "expansion" : {
        "identifier" : "urn:uuid:0a7b8924-34fe-4cd7-9d0c-ed25aef3451a",
        "timestamp" : "2025-10-30T19:04:57+02:00",
        "total" : 4,
        "offset" : 0,
        "parameter" : [{
          "name" : "displayLanguage",
          "valueCode" : "lt"
        },
        {
          "name" : "count",
          "valueInteger" : 1000
        },
        {
          "name" : "offset",
          "valueInteger" : 0
        },
        {
          "name" : "excludeNested",
          "valueBoolean" : false
        },
        {
          "name" : "warning-experimental",
          "valueUri" : "https://hl7.lt/fhir/tx/CodeSystem/identifier-domain|0.2.0"
        },
        {
          "name" : "used-codesystem",
          "valueUri" : "https://hl7.lt/fhir/tx/CodeSystem/identifier-domain|0.2.0"
        }],
        "contains" : [{
          "system" : "https://hl7.lt/fhir/tx/CodeSystem/identifier-domain",
          "code" : "http://esveikata.lt/Identifier/SVEIDRAID",
          "display" : "SVEIDRA identifier"
        },
        {
          "system" : "https://hl7.lt/fhir/tx/CodeSystem/identifier-domain",
          "code" : "http://esveikata.lt/Identifier/SPILIS",
          "display" : "SPĮLIS"
        },
        {
          "system" : "https://hl7.lt/fhir/tx/CodeSystem/identifier-domain",
          "code" : "http://esveikata.lt/Identifier/ESPBI",
          "display" : "ESPBI id"
        },
        {
          "system" : "https://hl7.lt/fhir/tx/CodeSystem/identifier-domain",
          "code" : "http://esveikata.lt/Identifier/VAPRIS",
          "display" : "VAPRIS"
        }]
      }
    }
  },
  {
    "fullUrl" : "https://hl7.lt/fhir/base/ValueSet/patient-identifier",
    "resource" : {
      "resourceType" : "ValueSet",
      "language" : "en",
      "text" : {
        "status" : "generated",
        "div" : "<div xmlns=\"http://www.w3.org/1999/xhtml\" xml:lang=\"en\" lang=\"en\"><p class=\"res-header-id\"/><p style=\"border: black 1px dotted; background-color: #EEEEEE; padding: 8px; margin-bottom: 8px\">Expansion performed internally based on <a href=\"CodeSystem-identifier-domain.html\">codesystem Identifier Domain v0.2.0 (CodeSystem)</a><span class=\"copy-text-inline\"><button data-clipboard-text=\"https://hl7.lt/fhir/tx/CodeSystem/identifier-domain|0.2.0\" title=\"Click to Copy URL\" class=\"btn-copy\"> </button></span></p><p>This value set contains 9 concepts</p><table class=\"codes\" data-fhir=\"generated\"><tr><td><b>System</b></td><td style=\"white-space:nowrap\"><b>Code</b></td><td><b>Display (en)</b> - English (English, en)</td><td><b>JSON</b></td><td><b>XML</b></td></tr><tr><td><a name=\"x-https://hl7.lt/fhir/tx/CodeSystem/identifier-domain-http://esveikata.lt/Identifier/ESPBI\"> </a><code>https://hl7.lt/fhir/tx/CodeSystem/identifier-domain</code></td><td style=\"white-space:nowrap\">\u00a0\u00a0<a href=\"CodeSystem-identifier-domain.html#identifier-domain-http.58.47.47esveikata.46lt.47Identifier.47ESPBI\">http://esveikata.lt/Identifier/ESPBI</a></td><td>ESPBI id</td><td><span class=\"copy-text-inline\"><button data-clipboard-text=\"{&quot;system&quot;: &quot;https://hl7.lt/fhir/tx/CodeSystem/identifier-domain&quot;, &quot;version&quot;: &quot;0.2.0&quot;, &quot;code&quot;: &quot;http://esveikata.lt/Identifier/ESPBI&quot;, &quot;display&quot;: &quot;ESPBI id&quot;}\" title=\"Click to Copy as Coding\" class=\"btn-copy\"> </button></span></td><td><span class=\"copy-text-inline\"><button data-clipboard-text=\"&lt;coding&gt;&lt;system value=&quot;https://hl7.lt/fhir/tx/CodeSystem/identifier-domain&quot;&gt;&lt;version value=&quot;0.2.0&quot;&gt;&lt;code value=&quot;http://esveikata.lt/Identifier/ESPBI&quot;&gt;&lt;display value=&quot;ESPBI id&quot;&gt;&lt;/coding&gt;\" title=\"Click to Copy as Coding\" class=\"btn-copy\"> </button></span></td></tr><tr><td><a name=\"x-https://hl7.lt/fhir/tx/CodeSystem/identifier-domain-http://esveikata.lt/Identifier/PersonalCode\"> </a><code>https://hl7.lt/fhir/tx/CodeSystem/identifier-domain</code></td><td style=\"white-space:nowrap\">\u00a0\u00a0<a href=\"CodeSystem-identifier-domain.html#identifier-domain-http.58.47.47esveikata.46lt.47Identifier.47PersonalCode\">http://esveikata.lt/Identifier/PersonalCode</a></td><td>Personal Code</td><td><span class=\"copy-text-inline\"><button data-clipboard-text=\"{&quot;system&quot;: &quot;https://hl7.lt/fhir/tx/CodeSystem/identifier-domain&quot;, &quot;version&quot;: &quot;0.2.0&quot;, &quot;code&quot;: &quot;http://esveikata.lt/Identifier/PersonalCode&quot;, &quot;display&quot;: &quot;Personal Code&quot;}\" title=\"Click to Copy as Coding\" class=\"btn-copy\"> </button></span></td><td><span class=\"copy-text-inline\"><button data-clipboard-text=\"&lt;coding&gt;&lt;system value=&quot;https://hl7.lt/fhir/tx/CodeSystem/identifier-domain&quot;&gt;&lt;version value=&quot;0.2.0&quot;&gt;&lt;code value=&quot;http://esveikata.lt/Identifier/PersonalCode&quot;&gt;&lt;display value=&quot;Personal Code&quot;&gt;&lt;/coding&gt;\" title=\"Click to Copy as Coding\" class=\"btn-copy\"> </button></span></td></tr><tr><td><a name=\"x-https://hl7.lt/fhir/tx/CodeSystem/identifier-domain-http://esveikata.lt/Identifier/Patient/ESI\"> </a><code>https://hl7.lt/fhir/tx/CodeSystem/identifier-domain</code></td><td style=\"white-space:nowrap\">\u00a0\u00a0<a href=\"CodeSystem-identifier-domain.html#identifier-domain-http.58.47.47esveikata.46lt.47Identifier.47Patient.47ESI\">http://esveikata.lt/Identifier/Patient/ESI</a></td><td>ESI code</td><td><span class=\"copy-text-inline\"><button data-clipboard-text=\"{&quot;system&quot;: &quot;https://hl7.lt/fhir/tx/CodeSystem/identifier-domain&quot;, &quot;version&quot;: &quot;0.2.0&quot;, &quot;code&quot;: &quot;http://esveikata.lt/Identifier/Patient/ESI&quot;, &quot;display&quot;: &quot;ESI code&quot;}\" title=\"Click to Copy as Coding\" class=\"btn-copy\"> </button></span></td><td><span class=\"copy-text-inline\"><button data-clipboard-text=\"&lt;coding&gt;&lt;system value=&quot;https://hl7.lt/fhir/tx/CodeSystem/identifier-domain&quot;&gt;&lt;version value=&quot;0.2.0&quot;&gt;&lt;code value=&quot;http://esveikata.lt/Identifier/Patient/ESI&quot;&gt;&lt;display value=&quot;ESI code&quot;&gt;&lt;/coding&gt;\" title=\"Click to Copy as Coding\" class=\"btn-copy\"> </button></span></td></tr><tr><td><a name=\"x-https://hl7.lt/fhir/tx/CodeSystem/identifier-domain-http://esveikata.lt/Identifier/Patient/DIK\"> </a><code>https://hl7.lt/fhir/tx/CodeSystem/identifier-domain</code></td><td style=\"white-space:nowrap\">\u00a0\u00a0<a href=\"CodeSystem-identifier-domain.html#identifier-domain-http.58.47.47esveikata.46lt.47Identifier.47Patient.47DIK\">http://esveikata.lt/Identifier/Patient/DIK</a></td><td>DIK</td><td><span class=\"copy-text-inline\"><button data-clipboard-text=\"{&quot;system&quot;: &quot;https://hl7.lt/fhir/tx/CodeSystem/identifier-domain&quot;, &quot;version&quot;: &quot;0.2.0&quot;, &quot;code&quot;: &quot;http://esveikata.lt/Identifier/Patient/DIK&quot;, &quot;display&quot;: &quot;DIK&quot;}\" title=\"Click to Copy as Coding\" class=\"btn-copy\"> </button></span></td><td><span class=\"copy-text-inline\"><button data-clipboard-text=\"&lt;coding&gt;&lt;system value=&quot;https://hl7.lt/fhir/tx/CodeSystem/identifier-domain&quot;&gt;&lt;version value=&quot;0.2.0&quot;&gt;&lt;code value=&quot;http://esveikata.lt/Identifier/Patient/DIK&quot;&gt;&lt;display value=&quot;DIK&quot;&gt;&lt;/coding&gt;\" title=\"Click to Copy as Coding\" class=\"btn-copy\"> </button></span></td></tr><tr><td><a name=\"x-https://hl7.lt/fhir/tx/CodeSystem/identifier-domain-http://esveikata.lt/Identifier/Patient/SveidraID\"> </a><code>https://hl7.lt/fhir/tx/CodeSystem/identifier-domain</code></td><td style=\"white-space:nowrap\">\u00a0\u00a0<a href=\"CodeSystem-identifier-domain.html#identifier-domain-http.58.47.47esveikata.46lt.47Identifier.47Patient.47SveidraID\">http://esveikata.lt/Identifier/Patient/SveidraID</a></td><td>SveidraID</td><td><span class=\"copy-text-inline\"><button data-clipboard-text=\"{&quot;system&quot;: &quot;https://hl7.lt/fhir/tx/CodeSystem/identifier-domain&quot;, &quot;version&quot;: &quot;0.2.0&quot;, &quot;code&quot;: &quot;http://esveikata.lt/Identifier/Patient/SveidraID&quot;, &quot;display&quot;: &quot;SveidraID&quot;}\" title=\"Click to Copy as Coding\" class=\"btn-copy\"> </button></span></td><td><span class=\"copy-text-inline\"><button data-clipboard-text=\"&lt;coding&gt;&lt;system value=&quot;https://hl7.lt/fhir/tx/CodeSystem/identifier-domain&quot;&gt;&lt;version value=&quot;0.2.0&quot;&gt;&lt;code value=&quot;http://esveikata.lt/Identifier/Patient/SveidraID&quot;&gt;&lt;display value=&quot;SveidraID&quot;&gt;&lt;/coding&gt;\" title=\"Click to Copy as Coding\" class=\"btn-copy\"> </button></span></td></tr><tr><td><a name=\"x-https://hl7.lt/fhir/tx/CodeSystem/identifier-domain-http://esveikata.lt/Identifier/Patient/eFormNumber\"> </a><code>https://hl7.lt/fhir/tx/CodeSystem/identifier-domain</code></td><td style=\"white-space:nowrap\">\u00a0\u00a0<a href=\"CodeSystem-identifier-domain.html#identifier-domain-http.58.47.47esveikata.46lt.47Identifier.47Patient.47eFormNumber\">http://esveikata.lt/Identifier/Patient/eFormNumber</a></td><td>eFormNumber</td><td><span class=\"copy-text-inline\"><button data-clipboard-text=\"{&quot;system&quot;: &quot;https://hl7.lt/fhir/tx/CodeSystem/identifier-domain&quot;, &quot;version&quot;: &quot;0.2.0&quot;, &quot;code&quot;: &quot;http://esveikata.lt/Identifier/Patient/eFormNumber&quot;, &quot;display&quot;: &quot;eFormNumber&quot;}\" title=\"Click to Copy as Coding\" class=\"btn-copy\"> </button></span></td><td><span class=\"copy-text-inline\"><button data-clipboard-text=\"&lt;coding&gt;&lt;system value=&quot;https://hl7.lt/fhir/tx/CodeSystem/identifier-domain&quot;&gt;&lt;version value=&quot;0.2.0&quot;&gt;&lt;code value=&quot;http://esveikata.lt/Identifier/Patient/eFormNumber&quot;&gt;&lt;display value=&quot;eFormNumber&quot;&gt;&lt;/coding&gt;\" title=\"Click to Copy as Coding\" class=\"btn-copy\"> </button></span></td></tr><tr><td><a name=\"x-https://hl7.lt/fhir/tx/CodeSystem/identifier-domain-http://esveikata.lt/Identifier/Patient/ForeignPersonalCode\"> </a><code>https://hl7.lt/fhir/tx/CodeSystem/identifier-domain</code></td><td style=\"white-space:nowrap\">\u00a0\u00a0<a href=\"CodeSystem-identifier-domain.html#identifier-domain-http.58.47.47esveikata.46lt.47Identifier.47Patient.47ForeignPersonalCode\">http://esveikata.lt/Identifier/Patient/ForeignPersonalCode</a></td><td>ForeignPersonalCode</td><td><span class=\"copy-text-inline\"><button data-clipboard-text=\"{&quot;system&quot;: &quot;https://hl7.lt/fhir/tx/CodeSystem/identifier-domain&quot;, &quot;version&quot;: &quot;0.2.0&quot;, &quot;code&quot;: &quot;http://esveikata.lt/Identifier/Patient/ForeignPersonalCode&quot;, &quot;display&quot;: &quot;ForeignPersonalCode&quot;}\" title=\"Click to Copy as Coding\" class=\"btn-copy\"> </button></span></td><td><span class=\"copy-text-inline\"><button data-clipboard-text=\"&lt;coding&gt;&lt;system value=&quot;https://hl7.lt/fhir/tx/CodeSystem/identifier-domain&quot;&gt;&lt;version value=&quot;0.2.0&quot;&gt;&lt;code value=&quot;http://esveikata.lt/Identifier/Patient/ForeignPersonalCode&quot;&gt;&lt;display value=&quot;ForeignPersonalCode&quot;&gt;&lt;/coding&gt;\" title=\"Click to Copy as Coding\" class=\"btn-copy\"> </button></span></td></tr><tr><td><a name=\"x-https://hl7.lt/fhir/tx/CodeSystem/identifier-domain-http://esveikata.lt/Identifier/eDelivery\"> </a><code>https://hl7.lt/fhir/tx/CodeSystem/identifier-domain</code></td><td style=\"white-space:nowrap\">\u00a0\u00a0<a href=\"CodeSystem-identifier-domain.html#identifier-domain-http.58.47.47esveikata.46lt.47Identifier.47eDelivery\">http://esveikata.lt/Identifier/eDelivery</a></td><td>eDelivery</td><td><span class=\"copy-text-inline\"><button data-clipboard-text=\"{&quot;system&quot;: &quot;https://hl7.lt/fhir/tx/CodeSystem/identifier-domain&quot;, &quot;version&quot;: &quot;0.2.0&quot;, &quot;code&quot;: &quot;http://esveikata.lt/Identifier/eDelivery&quot;, &quot;display&quot;: &quot;eDelivery&quot;}\" title=\"Click to Copy as Coding\" class=\"btn-copy\"> </button></span></td><td><span class=\"copy-text-inline\"><button data-clipboard-text=\"&lt;coding&gt;&lt;system value=&quot;https://hl7.lt/fhir/tx/CodeSystem/identifier-domain&quot;&gt;&lt;version value=&quot;0.2.0&quot;&gt;&lt;code value=&quot;http://esveikata.lt/Identifier/eDelivery&quot;&gt;&lt;display value=&quot;eDelivery&quot;&gt;&lt;/coding&gt;\" title=\"Click to Copy as Coding\" class=\"btn-copy\"> </button></span></td></tr><tr><td><a name=\"x-https://hl7.lt/fhir/tx/CodeSystem/identifier-domain-http://esveikata.lt/classifiers/IdentityDocument/SerieNumber\"> </a><code>https://hl7.lt/fhir/tx/CodeSystem/identifier-domain</code></td><td style=\"white-space:nowrap\">\u00a0\u00a0<a href=\"CodeSystem-identifier-domain.html#identifier-domain-http.58.47.47esveikata.46lt.47classifiers.47IdentityDocument.47SerieNumber\">http://esveikata.lt/classifiers/IdentityDocument/SerieNumber</a></td><td>SerieNumber</td><td><span class=\"copy-text-inline\"><button data-clipboard-text=\"{&quot;system&quot;: &quot;https://hl7.lt/fhir/tx/CodeSystem/identifier-domain&quot;, &quot;version&quot;: &quot;0.2.0&quot;, &quot;code&quot;: &quot;http://esveikata.lt/classifiers/IdentityDocument/SerieNumber&quot;, &quot;display&quot;: &quot;SerieNumber&quot;}\" title=\"Click to Copy as Coding\" class=\"btn-copy\"> </button></span></td><td><span class=\"copy-text-inline\"><button data-clipboard-text=\"&lt;coding&gt;&lt;system value=&quot;https://hl7.lt/fhir/tx/CodeSystem/identifier-domain&quot;&gt;&lt;version value=&quot;0.2.0&quot;&gt;&lt;code value=&quot;http://esveikata.lt/classifiers/IdentityDocument/SerieNumber&quot;&gt;&lt;display value=&quot;SerieNumber&quot;&gt;&lt;/coding&gt;\" title=\"Click to Copy as Coding\" class=\"btn-copy\"> </button></span></td></tr></table></div>"
      },
      "url" : "https://hl7.lt/fhir/base/ValueSet/patient-identifier",
      "version" : "1.0.0",
      "name" : "PatientIdentifier",
      "title" : "Patient Identifier",
      "status" : "draft",
      "experimental" : false,
      "date" : "2025-10-30T19:04:29+02:00",
      "jurisdiction" : [{
        "coding" : [{
          "system" : "urn:iso:std:iso:3166",
          "code" : "LT"
        }]
      }],
      "expansion" : {
        "identifier" : "urn:uuid:cb4dec22-d403-4c96-a53a-d077ed268589",
        "timestamp" : "2025-10-30T19:04:56+02:00",
        "total" : 9,
        "offset" : 0,
        "parameter" : [{
          "name" : "displayLanguage",
          "valueCode" : "en"
        },
        {
          "name" : "count",
          "valueInteger" : 1000
        },
        {
          "name" : "offset",
          "valueInteger" : 0
        },
        {
          "name" : "excludeNested",
          "valueBoolean" : false
        },
        {
          "name" : "warning-experimental",
          "valueUri" : "https://hl7.lt/fhir/tx/CodeSystem/identifier-domain|0.2.0"
        },
        {
          "name" : "used-codesystem",
          "valueUri" : "https://hl7.lt/fhir/tx/CodeSystem/identifier-domain|0.2.0"
        }],
        "contains" : [{
          "system" : "https://hl7.lt/fhir/tx/CodeSystem/identifier-domain",
          "code" : "http://esveikata.lt/Identifier/ESPBI",
          "display" : "ESPBI id"
        },
        {
          "system" : "https://hl7.lt/fhir/tx/CodeSystem/identifier-domain",
          "code" : "http://esveikata.lt/Identifier/PersonalCode",
          "display" : "Personal Code"
        },
        {
          "system" : "https://hl7.lt/fhir/tx/CodeSystem/identifier-domain",
          "code" : "http://esveikata.lt/Identifier/Patient/ESI",
          "display" : "ESI code"
        },
        {
          "system" : "https://hl7.lt/fhir/tx/CodeSystem/identifier-domain",
          "code" : "http://esveikata.lt/Identifier/Patient/DIK",
          "display" : "DIK"
        },
        {
          "system" : "https://hl7.lt/fhir/tx/CodeSystem/identifier-domain",
          "code" : "http://esveikata.lt/Identifier/Patient/SveidraID",
          "display" : "SveidraID"
        },
        {
          "system" : "https://hl7.lt/fhir/tx/CodeSystem/identifier-domain",
          "code" : "http://esveikata.lt/Identifier/Patient/eFormNumber",
          "display" : "eFormNumber"
        },
        {
          "system" : "https://hl7.lt/fhir/tx/CodeSystem/identifier-domain",
          "code" : "http://esveikata.lt/Identifier/Patient/ForeignPersonalCode",
          "display" : "ForeignPersonalCode"
        },
        {
          "system" : "https://hl7.lt/fhir/tx/CodeSystem/identifier-domain",
          "code" : "http://esveikata.lt/Identifier/eDelivery",
          "display" : "eDelivery"
        },
        {
          "system" : "https://hl7.lt/fhir/tx/CodeSystem/identifier-domain",
          "code" : "http://esveikata.lt/classifiers/IdentityDocument/SerieNumber",
          "display" : "SerieNumber"
        }]
      }
    }
  },
  {
    "fullUrl" : "https://hl7.lt/fhir/base/ValueSet/patient-identifier",
    "resource" : {
      "resourceType" : "ValueSet",
      "language" : "en",
      "text" : {
        "status" : "generated",
        "div" : "<div xmlns=\"http://www.w3.org/1999/xhtml\" xml:lang=\"en\" lang=\"en\"><p class=\"res-header-id\"/><p style=\"border: black 1px dotted; background-color: #EEEEEE; padding: 8px; margin-bottom: 8px\">Expansion performed internally based on <a href=\"CodeSystem-identifier-domain.html\">codesystem Identifier Domain v0.2.0 (CodeSystem)</a><span class=\"copy-text-inline\"><button data-clipboard-text=\"https://hl7.lt/fhir/tx/CodeSystem/identifier-domain|0.2.0\" title=\"Click to Copy URL\" class=\"btn-copy\"> </button></span></p><p>This value set contains 9 concepts</p><table class=\"codes\" data-fhir=\"generated\"><tr><td><b>System</b></td><td style=\"white-space:nowrap\"><b>Code</b></td><td><b>Display (en)</b> - English (English, en)</td><td><b>JSON</b></td><td><b>XML</b></td></tr><tr><td><a name=\"x-https://hl7.lt/fhir/tx/CodeSystem/identifier-domain-http://esveikata.lt/Identifier/ESPBI\"> </a><code>https://hl7.lt/fhir/tx/CodeSystem/identifier-domain</code></td><td style=\"white-space:nowrap\">\u00a0\u00a0<a href=\"CodeSystem-identifier-domain.html#identifier-domain-http.58.47.47esveikata.46lt.47Identifier.47ESPBI\">http://esveikata.lt/Identifier/ESPBI</a></td><td>ESPBI id</td><td><span class=\"copy-text-inline\"><button data-clipboard-text=\"{&quot;system&quot;: &quot;https://hl7.lt/fhir/tx/CodeSystem/identifier-domain&quot;, &quot;version&quot;: &quot;0.2.0&quot;, &quot;code&quot;: &quot;http://esveikata.lt/Identifier/ESPBI&quot;, &quot;display&quot;: &quot;ESPBI id&quot;}\" title=\"Click to Copy as Coding\" class=\"btn-copy\"> </button></span></td><td><span class=\"copy-text-inline\"><button data-clipboard-text=\"&lt;coding&gt;&lt;system value=&quot;https://hl7.lt/fhir/tx/CodeSystem/identifier-domain&quot;&gt;&lt;version value=&quot;0.2.0&quot;&gt;&lt;code value=&quot;http://esveikata.lt/Identifier/ESPBI&quot;&gt;&lt;display value=&quot;ESPBI id&quot;&gt;&lt;/coding&gt;\" title=\"Click to Copy as Coding\" class=\"btn-copy\"> </button></span></td></tr><tr><td><a name=\"x-https://hl7.lt/fhir/tx/CodeSystem/identifier-domain-http://esveikata.lt/Identifier/PersonalCode\"> </a><code>https://hl7.lt/fhir/tx/CodeSystem/identifier-domain</code></td><td style=\"white-space:nowrap\">\u00a0\u00a0<a href=\"CodeSystem-identifier-domain.html#identifier-domain-http.58.47.47esveikata.46lt.47Identifier.47PersonalCode\">http://esveikata.lt/Identifier/PersonalCode</a></td><td>Personal Code</td><td><span class=\"copy-text-inline\"><button data-clipboard-text=\"{&quot;system&quot;: &quot;https://hl7.lt/fhir/tx/CodeSystem/identifier-domain&quot;, &quot;version&quot;: &quot;0.2.0&quot;, &quot;code&quot;: &quot;http://esveikata.lt/Identifier/PersonalCode&quot;, &quot;display&quot;: &quot;Personal Code&quot;}\" title=\"Click to Copy as Coding\" class=\"btn-copy\"> </button></span></td><td><span class=\"copy-text-inline\"><button data-clipboard-text=\"&lt;coding&gt;&lt;system value=&quot;https://hl7.lt/fhir/tx/CodeSystem/identifier-domain&quot;&gt;&lt;version value=&quot;0.2.0&quot;&gt;&lt;code value=&quot;http://esveikata.lt/Identifier/PersonalCode&quot;&gt;&lt;display value=&quot;Personal Code&quot;&gt;&lt;/coding&gt;\" title=\"Click to Copy as Coding\" class=\"btn-copy\"> </button></span></td></tr><tr><td><a name=\"x-https://hl7.lt/fhir/tx/CodeSystem/identifier-domain-http://esveikata.lt/Identifier/Patient/ESI\"> </a><code>https://hl7.lt/fhir/tx/CodeSystem/identifier-domain</code></td><td style=\"white-space:nowrap\">\u00a0\u00a0<a href=\"CodeSystem-identifier-domain.html#identifier-domain-http.58.47.47esveikata.46lt.47Identifier.47Patient.47ESI\">http://esveikata.lt/Identifier/Patient/ESI</a></td><td>ESI code</td><td><span class=\"copy-text-inline\"><button data-clipboard-text=\"{&quot;system&quot;: &quot;https://hl7.lt/fhir/tx/CodeSystem/identifier-domain&quot;, &quot;version&quot;: &quot;0.2.0&quot;, &quot;code&quot;: &quot;http://esveikata.lt/Identifier/Patient/ESI&quot;, &quot;display&quot;: &quot;ESI code&quot;}\" title=\"Click to Copy as Coding\" class=\"btn-copy\"> </button></span></td><td><span class=\"copy-text-inline\"><button data-clipboard-text=\"&lt;coding&gt;&lt;system value=&quot;https://hl7.lt/fhir/tx/CodeSystem/identifier-domain&quot;&gt;&lt;version value=&quot;0.2.0&quot;&gt;&lt;code value=&quot;http://esveikata.lt/Identifier/Patient/ESI&quot;&gt;&lt;display value=&quot;ESI code&quot;&gt;&lt;/coding&gt;\" title=\"Click to Copy as Coding\" class=\"btn-copy\"> </button></span></td></tr><tr><td><a name=\"x-https://hl7.lt/fhir/tx/CodeSystem/identifier-domain-http://esveikata.lt/Identifier/Patient/DIK\"> </a><code>https://hl7.lt/fhir/tx/CodeSystem/identifier-domain</code></td><td style=\"white-space:nowrap\">\u00a0\u00a0<a href=\"CodeSystem-identifier-domain.html#identifier-domain-http.58.47.47esveikata.46lt.47Identifier.47Patient.47DIK\">http://esveikata.lt/Identifier/Patient/DIK</a></td><td>DIK</td><td><span class=\"copy-text-inline\"><button data-clipboard-text=\"{&quot;system&quot;: &quot;https://hl7.lt/fhir/tx/CodeSystem/identifier-domain&quot;, &quot;version&quot;: &quot;0.2.0&quot;, &quot;code&quot;: &quot;http://esveikata.lt/Identifier/Patient/DIK&quot;, &quot;display&quot;: &quot;DIK&quot;}\" title=\"Click to Copy as Coding\" class=\"btn-copy\"> </button></span></td><td><span class=\"copy-text-inline\"><button data-clipboard-text=\"&lt;coding&gt;&lt;system value=&quot;https://hl7.lt/fhir/tx/CodeSystem/identifier-domain&quot;&gt;&lt;version value=&quot;0.2.0&quot;&gt;&lt;code value=&quot;http://esveikata.lt/Identifier/Patient/DIK&quot;&gt;&lt;display value=&quot;DIK&quot;&gt;&lt;/coding&gt;\" title=\"Click to Copy as Coding\" class=\"btn-copy\"> </button></span></td></tr><tr><td><a name=\"x-https://hl7.lt/fhir/tx/CodeSystem/identifier-domain-http://esveikata.lt/Identifier/Patient/SveidraID\"> </a><code>https://hl7.lt/fhir/tx/CodeSystem/identifier-domain</code></td><td style=\"white-space:nowrap\">\u00a0\u00a0<a href=\"CodeSystem-identifier-domain.html#identifier-domain-http.58.47.47esveikata.46lt.47Identifier.47Patient.47SveidraID\">http://esveikata.lt/Identifier/Patient/SveidraID</a></td><td>SveidraID</td><td><span class=\"copy-text-inline\"><button data-clipboard-text=\"{&quot;system&quot;: &quot;https://hl7.lt/fhir/tx/CodeSystem/identifier-domain&quot;, &quot;version&quot;: &quot;0.2.0&quot;, &quot;code&quot;: &quot;http://esveikata.lt/Identifier/Patient/SveidraID&quot;, &quot;display&quot;: &quot;SveidraID&quot;}\" title=\"Click to Copy as Coding\" class=\"btn-copy\"> </button></span></td><td><span class=\"copy-text-inline\"><button data-clipboard-text=\"&lt;coding&gt;&lt;system value=&quot;https://hl7.lt/fhir/tx/CodeSystem/identifier-domain&quot;&gt;&lt;version value=&quot;0.2.0&quot;&gt;&lt;code value=&quot;http://esveikata.lt/Identifier/Patient/SveidraID&quot;&gt;&lt;display value=&quot;SveidraID&quot;&gt;&lt;/coding&gt;\" title=\"Click to Copy as Coding\" class=\"btn-copy\"> </button></span></td></tr><tr><td><a name=\"x-https://hl7.lt/fhir/tx/CodeSystem/identifier-domain-http://esveikata.lt/Identifier/Patient/eFormNumber\"> </a><code>https://hl7.lt/fhir/tx/CodeSystem/identifier-domain</code></td><td style=\"white-space:nowrap\">\u00a0\u00a0<a href=\"CodeSystem-identifier-domain.html#identifier-domain-http.58.47.47esveikata.46lt.47Identifier.47Patient.47eFormNumber\">http://esveikata.lt/Identifier/Patient/eFormNumber</a></td><td>eFormNumber</td><td><span class=\"copy-text-inline\"><button data-clipboard-text=\"{&quot;system&quot;: &quot;https://hl7.lt/fhir/tx/CodeSystem/identifier-domain&quot;, &quot;version&quot;: &quot;0.2.0&quot;, &quot;code&quot;: &quot;http://esveikata.lt/Identifier/Patient/eFormNumber&quot;, &quot;display&quot;: &quot;eFormNumber&quot;}\" title=\"Click to Copy as Coding\" class=\"btn-copy\"> </button></span></td><td><span class=\"copy-text-inline\"><button data-clipboard-text=\"&lt;coding&gt;&lt;system value=&quot;https://hl7.lt/fhir/tx/CodeSystem/identifier-domain&quot;&gt;&lt;version value=&quot;0.2.0&quot;&gt;&lt;code value=&quot;http://esveikata.lt/Identifier/Patient/eFormNumber&quot;&gt;&lt;display value=&quot;eFormNumber&quot;&gt;&lt;/coding&gt;\" title=\"Click to Copy as Coding\" class=\"btn-copy\"> </button></span></td></tr><tr><td><a name=\"x-https://hl7.lt/fhir/tx/CodeSystem/identifier-domain-http://esveikata.lt/Identifier/Patient/ForeignPersonalCode\"> </a><code>https://hl7.lt/fhir/tx/CodeSystem/identifier-domain</code></td><td style=\"white-space:nowrap\">\u00a0\u00a0<a href=\"CodeSystem-identifier-domain.html#identifier-domain-http.58.47.47esveikata.46lt.47Identifier.47Patient.47ForeignPersonalCode\">http://esveikata.lt/Identifier/Patient/ForeignPersonalCode</a></td><td>ForeignPersonalCode</td><td><span class=\"copy-text-inline\"><button data-clipboard-text=\"{&quot;system&quot;: &quot;https://hl7.lt/fhir/tx/CodeSystem/identifier-domain&quot;, &quot;version&quot;: &quot;0.2.0&quot;, &quot;code&quot;: &quot;http://esveikata.lt/Identifier/Patient/ForeignPersonalCode&quot;, &quot;display&quot;: &quot;ForeignPersonalCode&quot;}\" title=\"Click to Copy as Coding\" class=\"btn-copy\"> </button></span></td><td><span class=\"copy-text-inline\"><button data-clipboard-text=\"&lt;coding&gt;&lt;system value=&quot;https://hl7.lt/fhir/tx/CodeSystem/identifier-domain&quot;&gt;&lt;version value=&quot;0.2.0&quot;&gt;&lt;code value=&quot;http://esveikata.lt/Identifier/Patient/ForeignPersonalCode&quot;&gt;&lt;display value=&quot;ForeignPersonalCode&quot;&gt;&lt;/coding&gt;\" title=\"Click to Copy as Coding\" class=\"btn-copy\"> </button></span></td></tr><tr><td><a name=\"x-https://hl7.lt/fhir/tx/CodeSystem/identifier-domain-http://esveikata.lt/Identifier/eDelivery\"> </a><code>https://hl7.lt/fhir/tx/CodeSystem/identifier-domain</code></td><td style=\"white-space:nowrap\">\u00a0\u00a0<a href=\"CodeSystem-identifier-domain.html#identifier-domain-http.58.47.47esveikata.46lt.47Identifier.47eDelivery\">http://esveikata.lt/Identifier/eDelivery</a></td><td>eDelivery</td><td><span class=\"copy-text-inline\"><button data-clipboard-text=\"{&quot;system&quot;: &quot;https://hl7.lt/fhir/tx/CodeSystem/identifier-domain&quot;, &quot;version&quot;: &quot;0.2.0&quot;, &quot;code&quot;: &quot;http://esveikata.lt/Identifier/eDelivery&quot;, &quot;display&quot;: &quot;eDelivery&quot;}\" title=\"Click to Copy as Coding\" class=\"btn-copy\"> </button></span></td><td><span class=\"copy-text-inline\"><button data-clipboard-text=\"&lt;coding&gt;&lt;system value=&quot;https://hl7.lt/fhir/tx/CodeSystem/identifier-domain&quot;&gt;&lt;version value=&quot;0.2.0&quot;&gt;&lt;code value=&quot;http://esveikata.lt/Identifier/eDelivery&quot;&gt;&lt;display value=&quot;eDelivery&quot;&gt;&lt;/coding&gt;\" title=\"Click to Copy as Coding\" class=\"btn-copy\"> </button></span></td></tr><tr><td><a name=\"x-https://hl7.lt/fhir/tx/CodeSystem/identifier-domain-http://esveikata.lt/classifiers/IdentityDocument/SerieNumber\"> </a><code>https://hl7.lt/fhir/tx/CodeSystem/identifier-domain</code></td><td style=\"white-space:nowrap\">\u00a0\u00a0<a href=\"CodeSystem-identifier-domain.html#identifier-domain-http.58.47.47esveikata.46lt.47classifiers.47IdentityDocument.47SerieNumber\">http://esveikata.lt/classifiers/IdentityDocument/SerieNumber</a></td><td>SerieNumber</td><td><span class=\"copy-text-inline\"><button data-clipboard-text=\"{&quot;system&quot;: &quot;https://hl7.lt/fhir/tx/CodeSystem/identifier-domain&quot;, &quot;version&quot;: &quot;0.2.0&quot;, &quot;code&quot;: &quot;http://esveikata.lt/classifiers/IdentityDocument/SerieNumber&quot;, &quot;display&quot;: &quot;SerieNumber&quot;}\" title=\"Click to Copy as Coding\" class=\"btn-copy\"> </button></span></td><td><span class=\"copy-text-inline\"><button data-clipboard-text=\"&lt;coding&gt;&lt;system value=&quot;https://hl7.lt/fhir/tx/CodeSystem/identifier-domain&quot;&gt;&lt;version value=&quot;0.2.0&quot;&gt;&lt;code value=&quot;http://esveikata.lt/classifiers/IdentityDocument/SerieNumber&quot;&gt;&lt;display value=&quot;SerieNumber&quot;&gt;&lt;/coding&gt;\" title=\"Click to Copy as Coding\" class=\"btn-copy\"> </button></span></td></tr></table></div>"
      },
      "url" : "https://hl7.lt/fhir/base/ValueSet/patient-identifier",
      "version" : "1.0.0",
      "name" : "PatientIdentifier",
      "title" : "Patient Identifier",
      "status" : "draft",
      "experimental" : false,
      "date" : "2025-10-30T19:04:29+02:00",
      "jurisdiction" : [{
        "coding" : [{
          "system" : "urn:iso:std:iso:3166",
          "code" : "LT"
        }]
      }],
      "expansion" : {
        "identifier" : "urn:uuid:cb4dec22-d403-4c96-a53a-d077ed268589",
        "timestamp" : "2025-10-30T19:04:56+02:00",
        "total" : 9,
        "offset" : 0,
        "parameter" : [{
          "name" : "displayLanguage",
          "valueCode" : "en"
        },
        {
          "name" : "count",
          "valueInteger" : 1000
        },
        {
          "name" : "offset",
          "valueInteger" : 0
        },
        {
          "name" : "excludeNested",
          "valueBoolean" : false
        },
        {
          "name" : "warning-experimental",
          "valueUri" : "https://hl7.lt/fhir/tx/CodeSystem/identifier-domain|0.2.0"
        },
        {
          "name" : "used-codesystem",
          "valueUri" : "https://hl7.lt/fhir/tx/CodeSystem/identifier-domain|0.2.0"
        }],
        "contains" : [{
          "system" : "https://hl7.lt/fhir/tx/CodeSystem/identifier-domain",
          "code" : "http://esveikata.lt/Identifier/ESPBI",
          "display" : "ESPBI id"
        },
        {
          "system" : "https://hl7.lt/fhir/tx/CodeSystem/identifier-domain",
          "code" : "http://esveikata.lt/Identifier/PersonalCode",
          "display" : "Personal Code"
        },
        {
          "system" : "https://hl7.lt/fhir/tx/CodeSystem/identifier-domain",
          "code" : "http://esveikata.lt/Identifier/Patient/ESI",
          "display" : "ESI code"
        },
        {
          "system" : "https://hl7.lt/fhir/tx/CodeSystem/identifier-domain",
          "code" : "http://esveikata.lt/Identifier/Patient/DIK",
          "display" : "DIK"
        },
        {
          "system" : "https://hl7.lt/fhir/tx/CodeSystem/identifier-domain",
          "code" : "http://esveikata.lt/Identifier/Patient/SveidraID",
          "display" : "SveidraID"
        },
        {
          "system" : "https://hl7.lt/fhir/tx/CodeSystem/identifier-domain",
          "code" : "http://esveikata.lt/Identifier/Patient/eFormNumber",
          "display" : "eFormNumber"
        },
        {
          "system" : "https://hl7.lt/fhir/tx/CodeSystem/identifier-domain",
          "code" : "http://esveikata.lt/Identifier/Patient/ForeignPersonalCode",
          "display" : "ForeignPersonalCode"
        },
        {
          "system" : "https://hl7.lt/fhir/tx/CodeSystem/identifier-domain",
          "code" : "http://esveikata.lt/Identifier/eDelivery",
          "display" : "eDelivery"
        },
        {
          "system" : "https://hl7.lt/fhir/tx/CodeSystem/identifier-domain",
          "code" : "http://esveikata.lt/classifiers/IdentityDocument/SerieNumber",
          "display" : "SerieNumber"
        }]
      }
    }
  },
  {
    "fullUrl" : "https://hl7.lt/fhir/base/ValueSet/patient-identifier",
    "resource" : {
      "resourceType" : "ValueSet",
      "language" : "en",
      "text" : {
        "status" : "generated",
        "div" : "<div xmlns=\"http://www.w3.org/1999/xhtml\" xml:lang=\"en\" lang=\"en\"><p class=\"res-header-id\"/><p style=\"border: black 1px dotted; background-color: #EEEEEE; padding: 8px; margin-bottom: 8px\">Expansion performed internally based on <a href=\"CodeSystem-identifier-domain.html\">codesystem Identifier Domain v0.2.0 (CodeSystem)</a><span class=\"copy-text-inline\"><button data-clipboard-text=\"https://hl7.lt/fhir/tx/CodeSystem/identifier-domain|0.2.0\" title=\"Click to Copy URL\" class=\"btn-copy\"> </button></span></p><p>This value set contains 9 concepts</p><table class=\"codes\" data-fhir=\"generated\"><tr><td><b>System</b></td><td style=\"white-space:nowrap\"><b>Code</b></td><td><b>Display (en)</b> - English (English, en)</td><td><b>JSON</b></td><td><b>XML</b></td></tr><tr><td><a name=\"x-https://hl7.lt/fhir/tx/CodeSystem/identifier-domain-http://esveikata.lt/Identifier/ESPBI\"> </a><code>https://hl7.lt/fhir/tx/CodeSystem/identifier-domain</code></td><td style=\"white-space:nowrap\">\u00a0\u00a0<a href=\"CodeSystem-identifier-domain.html#identifier-domain-http.58.47.47esveikata.46lt.47Identifier.47ESPBI\">http://esveikata.lt/Identifier/ESPBI</a></td><td>ESPBI id</td><td><span class=\"copy-text-inline\"><button data-clipboard-text=\"{&quot;system&quot;: &quot;https://hl7.lt/fhir/tx/CodeSystem/identifier-domain&quot;, &quot;version&quot;: &quot;0.2.0&quot;, &quot;code&quot;: &quot;http://esveikata.lt/Identifier/ESPBI&quot;, &quot;display&quot;: &quot;ESPBI id&quot;}\" title=\"Click to Copy as Coding\" class=\"btn-copy\"> </button></span></td><td><span class=\"copy-text-inline\"><button data-clipboard-text=\"&lt;coding&gt;&lt;system value=&quot;https://hl7.lt/fhir/tx/CodeSystem/identifier-domain&quot;&gt;&lt;version value=&quot;0.2.0&quot;&gt;&lt;code value=&quot;http://esveikata.lt/Identifier/ESPBI&quot;&gt;&lt;display value=&quot;ESPBI id&quot;&gt;&lt;/coding&gt;\" title=\"Click to Copy as Coding\" class=\"btn-copy\"> </button></span></td></tr><tr><td><a name=\"x-https://hl7.lt/fhir/tx/CodeSystem/identifier-domain-http://esveikata.lt/Identifier/PersonalCode\"> </a><code>https://hl7.lt/fhir/tx/CodeSystem/identifier-domain</code></td><td style=\"white-space:nowrap\">\u00a0\u00a0<a href=\"CodeSystem-identifier-domain.html#identifier-domain-http.58.47.47esveikata.46lt.47Identifier.47PersonalCode\">http://esveikata.lt/Identifier/PersonalCode</a></td><td>Personal Code</td><td><span class=\"copy-text-inline\"><button data-clipboard-text=\"{&quot;system&quot;: &quot;https://hl7.lt/fhir/tx/CodeSystem/identifier-domain&quot;, &quot;version&quot;: &quot;0.2.0&quot;, &quot;code&quot;: &quot;http://esveikata.lt/Identifier/PersonalCode&quot;, &quot;display&quot;: &quot;Personal Code&quot;}\" title=\"Click to Copy as Coding\" class=\"btn-copy\"> </button></span></td><td><span class=\"copy-text-inline\"><button data-clipboard-text=\"&lt;coding&gt;&lt;system value=&quot;https://hl7.lt/fhir/tx/CodeSystem/identifier-domain&quot;&gt;&lt;version value=&quot;0.2.0&quot;&gt;&lt;code value=&quot;http://esveikata.lt/Identifier/PersonalCode&quot;&gt;&lt;display value=&quot;Personal Code&quot;&gt;&lt;/coding&gt;\" title=\"Click to Copy as Coding\" class=\"btn-copy\"> </button></span></td></tr><tr><td><a name=\"x-https://hl7.lt/fhir/tx/CodeSystem/identifier-domain-http://esveikata.lt/Identifier/Patient/ESI\"> </a><code>https://hl7.lt/fhir/tx/CodeSystem/identifier-domain</code></td><td style=\"white-space:nowrap\">\u00a0\u00a0<a href=\"CodeSystem-identifier-domain.html#identifier-domain-http.58.47.47esveikata.46lt.47Identifier.47Patient.47ESI\">http://esveikata.lt/Identifier/Patient/ESI</a></td><td>ESI code</td><td><span class=\"copy-text-inline\"><button data-clipboard-text=\"{&quot;system&quot;: &quot;https://hl7.lt/fhir/tx/CodeSystem/identifier-domain&quot;, &quot;version&quot;: &quot;0.2.0&quot;, &quot;code&quot;: &quot;http://esveikata.lt/Identifier/Patient/ESI&quot;, &quot;display&quot;: &quot;ESI code&quot;}\" title=\"Click to Copy as Coding\" class=\"btn-copy\"> </button></span></td><td><span class=\"copy-text-inline\"><button data-clipboard-text=\"&lt;coding&gt;&lt;system value=&quot;https://hl7.lt/fhir/tx/CodeSystem/identifier-domain&quot;&gt;&lt;version value=&quot;0.2.0&quot;&gt;&lt;code value=&quot;http://esveikata.lt/Identifier/Patient/ESI&quot;&gt;&lt;display value=&quot;ESI code&quot;&gt;&lt;/coding&gt;\" title=\"Click to Copy as Coding\" class=\"btn-copy\"> </button></span></td></tr><tr><td><a name=\"x-https://hl7.lt/fhir/tx/CodeSystem/identifier-domain-http://esveikata.lt/Identifier/Patient/DIK\"> </a><code>https://hl7.lt/fhir/tx/CodeSystem/identifier-domain</code></td><td style=\"white-space:nowrap\">\u00a0\u00a0<a href=\"CodeSystem-identifier-domain.html#identifier-domain-http.58.47.47esveikata.46lt.47Identifier.47Patient.47DIK\">http://esveikata.lt/Identifier/Patient/DIK</a></td><td>DIK</td><td><span class=\"copy-text-inline\"><button data-clipboard-text=\"{&quot;system&quot;: &quot;https://hl7.lt/fhir/tx/CodeSystem/identifier-domain&quot;, &quot;version&quot;: &quot;0.2.0&quot;, &quot;code&quot;: &quot;http://esveikata.lt/Identifier/Patient/DIK&quot;, &quot;display&quot;: &quot;DIK&quot;}\" title=\"Click to Copy as Coding\" class=\"btn-copy\"> </button></span></td><td><span class=\"copy-text-inline\"><button data-clipboard-text=\"&lt;coding&gt;&lt;system value=&quot;https://hl7.lt/fhir/tx/CodeSystem/identifier-domain&quot;&gt;&lt;version value=&quot;0.2.0&quot;&gt;&lt;code value=&quot;http://esveikata.lt/Identifier/Patient/DIK&quot;&gt;&lt;display value=&quot;DIK&quot;&gt;&lt;/coding&gt;\" title=\"Click to Copy as Coding\" class=\"btn-copy\"> </button></span></td></tr><tr><td><a name=\"x-https://hl7.lt/fhir/tx/CodeSystem/identifier-domain-http://esveikata.lt/Identifier/Patient/SveidraID\"> </a><code>https://hl7.lt/fhir/tx/CodeSystem/identifier-domain</code></td><td style=\"white-space:nowrap\">\u00a0\u00a0<a href=\"CodeSystem-identifier-domain.html#identifier-domain-http.58.47.47esveikata.46lt.47Identifier.47Patient.47SveidraID\">http://esveikata.lt/Identifier/Patient/SveidraID</a></td><td>SveidraID</td><td><span class=\"copy-text-inline\"><button data-clipboard-text=\"{&quot;system&quot;: &quot;https://hl7.lt/fhir/tx/CodeSystem/identifier-domain&quot;, &quot;version&quot;: &quot;0.2.0&quot;, &quot;code&quot;: &quot;http://esveikata.lt/Identifier/Patient/SveidraID&quot;, &quot;display&quot;: &quot;SveidraID&quot;}\" title=\"Click to Copy as Coding\" class=\"btn-copy\"> </button></span></td><td><span class=\"copy-text-inline\"><button data-clipboard-text=\"&lt;coding&gt;&lt;system value=&quot;https://hl7.lt/fhir/tx/CodeSystem/identifier-domain&quot;&gt;&lt;version value=&quot;0.2.0&quot;&gt;&lt;code value=&quot;http://esveikata.lt/Identifier/Patient/SveidraID&quot;&gt;&lt;display value=&quot;SveidraID&quot;&gt;&lt;/coding&gt;\" title=\"Click to Copy as Coding\" class=\"btn-copy\"> </button></span></td></tr><tr><td><a name=\"x-https://hl7.lt/fhir/tx/CodeSystem/identifier-domain-http://esveikata.lt/Identifier/Patient/eFormNumber\"> </a><code>https://hl7.lt/fhir/tx/CodeSystem/identifier-domain</code></td><td style=\"white-space:nowrap\">\u00a0\u00a0<a href=\"CodeSystem-identifier-domain.html#identifier-domain-http.58.47.47esveikata.46lt.47Identifier.47Patient.47eFormNumber\">http://esveikata.lt/Identifier/Patient/eFormNumber</a></td><td>eFormNumber</td><td><span class=\"copy-text-inline\"><button data-clipboard-text=\"{&quot;system&quot;: &quot;https://hl7.lt/fhir/tx/CodeSystem/identifier-domain&quot;, &quot;version&quot;: &quot;0.2.0&quot;, &quot;code&quot;: &quot;http://esveikata.lt/Identifier/Patient/eFormNumber&quot;, &quot;display&quot;: &quot;eFormNumber&quot;}\" title=\"Click to Copy as Coding\" class=\"btn-copy\"> </button></span></td><td><span class=\"copy-text-inline\"><button data-clipboard-text=\"&lt;coding&gt;&lt;system value=&quot;https://hl7.lt/fhir/tx/CodeSystem/identifier-domain&quot;&gt;&lt;version value=&quot;0.2.0&quot;&gt;&lt;code value=&quot;http://esveikata.lt/Identifier/Patient/eFormNumber&quot;&gt;&lt;display value=&quot;eFormNumber&quot;&gt;&lt;/coding&gt;\" title=\"Click to Copy as Coding\" class=\"btn-copy\"> </button></span></td></tr><tr><td><a name=\"x-https://hl7.lt/fhir/tx/CodeSystem/identifier-domain-http://esveikata.lt/Identifier/Patient/ForeignPersonalCode\"> </a><code>https://hl7.lt/fhir/tx/CodeSystem/identifier-domain</code></td><td style=\"white-space:nowrap\">\u00a0\u00a0<a href=\"CodeSystem-identifier-domain.html#identifier-domain-http.58.47.47esveikata.46lt.47Identifier.47Patient.47ForeignPersonalCode\">http://esveikata.lt/Identifier/Patient/ForeignPersonalCode</a></td><td>ForeignPersonalCode</td><td><span class=\"copy-text-inline\"><button data-clipboard-text=\"{&quot;system&quot;: &quot;https://hl7.lt/fhir/tx/CodeSystem/identifier-domain&quot;, &quot;version&quot;: &quot;0.2.0&quot;, &quot;code&quot;: &quot;http://esveikata.lt/Identifier/Patient/ForeignPersonalCode&quot;, &quot;display&quot;: &quot;ForeignPersonalCode&quot;}\" title=\"Click to Copy as Coding\" class=\"btn-copy\"> </button></span></td><td><span class=\"copy-text-inline\"><button data-clipboard-text=\"&lt;coding&gt;&lt;system value=&quot;https://hl7.lt/fhir/tx/CodeSystem/identifier-domain&quot;&gt;&lt;version value=&quot;0.2.0&quot;&gt;&lt;code value=&quot;http://esveikata.lt/Identifier/Patient/ForeignPersonalCode&quot;&gt;&lt;display value=&quot;ForeignPersonalCode&quot;&gt;&lt;/coding&gt;\" title=\"Click to Copy as Coding\" class=\"btn-copy\"> </button></span></td></tr><tr><td><a name=\"x-https://hl7.lt/fhir/tx/CodeSystem/identifier-domain-http://esveikata.lt/Identifier/eDelivery\"> </a><code>https://hl7.lt/fhir/tx/CodeSystem/identifier-domain</code></td><td style=\"white-space:nowrap\">\u00a0\u00a0<a href=\"CodeSystem-identifier-domain.html#identifier-domain-http.58.47.47esveikata.46lt.47Identifier.47eDelivery\">http://esveikata.lt/Identifier/eDelivery</a></td><td>eDelivery</td><td><span class=\"copy-text-inline\"><button data-clipboard-text=\"{&quot;system&quot;: &quot;https://hl7.lt/fhir/tx/CodeSystem/identifier-domain&quot;, &quot;version&quot;: &quot;0.2.0&quot;, &quot;code&quot;: &quot;http://esveikata.lt/Identifier/eDelivery&quot;, &quot;display&quot;: &quot;eDelivery&quot;}\" title=\"Click to Copy as Coding\" class=\"btn-copy\"> </button></span></td><td><span class=\"copy-text-inline\"><button data-clipboard-text=\"&lt;coding&gt;&lt;system value=&quot;https://hl7.lt/fhir/tx/CodeSystem/identifier-domain&quot;&gt;&lt;version value=&quot;0.2.0&quot;&gt;&lt;code value=&quot;http://esveikata.lt/Identifier/eDelivery&quot;&gt;&lt;display value=&quot;eDelivery&quot;&gt;&lt;/coding&gt;\" title=\"Click to Copy as Coding\" class=\"btn-copy\"> </button></span></td></tr><tr><td><a name=\"x-https://hl7.lt/fhir/tx/CodeSystem/identifier-domain-http://esveikata.lt/classifiers/IdentityDocument/SerieNumber\"> </a><code>https://hl7.lt/fhir/tx/CodeSystem/identifier-domain</code></td><td style=\"white-space:nowrap\">\u00a0\u00a0<a href=\"CodeSystem-identifier-domain.html#identifier-domain-http.58.47.47esveikata.46lt.47classifiers.47IdentityDocument.47SerieNumber\">http://esveikata.lt/classifiers/IdentityDocument/SerieNumber</a></td><td>SerieNumber</td><td><span class=\"copy-text-inline\"><button data-clipboard-text=\"{&quot;system&quot;: &quot;https://hl7.lt/fhir/tx/CodeSystem/identifier-domain&quot;, &quot;version&quot;: &quot;0.2.0&quot;, &quot;code&quot;: &quot;http://esveikata.lt/classifiers/IdentityDocument/SerieNumber&quot;, &quot;display&quot;: &quot;SerieNumber&quot;}\" title=\"Click to Copy as Coding\" class=\"btn-copy\"> </button></span></td><td><span class=\"copy-text-inline\"><button data-clipboard-text=\"&lt;coding&gt;&lt;system value=&quot;https://hl7.lt/fhir/tx/CodeSystem/identifier-domain&quot;&gt;&lt;version value=&quot;0.2.0&quot;&gt;&lt;code value=&quot;http://esveikata.lt/classifiers/IdentityDocument/SerieNumber&quot;&gt;&lt;display value=&quot;SerieNumber&quot;&gt;&lt;/coding&gt;\" title=\"Click to Copy as Coding\" class=\"btn-copy\"> </button></span></td></tr></table></div>"
      },
      "url" : "https://hl7.lt/fhir/base/ValueSet/patient-identifier",
      "version" : "1.0.0",
      "name" : "PatientIdentifier",
      "title" : "Patient Identifier",
      "status" : "draft",
      "experimental" : false,
      "date" : "2025-10-30T19:04:29+02:00",
      "jurisdiction" : [{
        "coding" : [{
          "system" : "urn:iso:std:iso:3166",
          "code" : "LT"
        }]
      }],
      "expansion" : {
        "identifier" : "urn:uuid:4d325f9b-f5bd-4292-a593-9cc487b4d0c6",
        "timestamp" : "2025-10-30T19:04:56+02:00",
        "total" : 9,
        "offset" : 0,
        "parameter" : [{
          "name" : "displayLanguage",
          "valueCode" : "lt"
        },
        {
          "name" : "count",
          "valueInteger" : 1000
        },
        {
          "name" : "offset",
          "valueInteger" : 0
        },
        {
          "name" : "excludeNested",
          "valueBoolean" : false
        },
        {
          "name" : "warning-experimental",
          "valueUri" : "https://hl7.lt/fhir/tx/CodeSystem/identifier-domain|0.2.0"
        },
        {
          "name" : "used-codesystem",
          "valueUri" : "https://hl7.lt/fhir/tx/CodeSystem/identifier-domain|0.2.0"
        }],
        "contains" : [{
          "system" : "https://hl7.lt/fhir/tx/CodeSystem/identifier-domain",
          "code" : "http://esveikata.lt/Identifier/ESPBI",
          "display" : "ESPBI id"
        },
        {
          "system" : "https://hl7.lt/fhir/tx/CodeSystem/identifier-domain",
          "code" : "http://esveikata.lt/Identifier/PersonalCode",
          "display" : "Personal Code"
        },
        {
          "system" : "https://hl7.lt/fhir/tx/CodeSystem/identifier-domain",
          "code" : "http://esveikata.lt/Identifier/Patient/ESI",
          "display" : "ESI code"
        },
        {
          "system" : "https://hl7.lt/fhir/tx/CodeSystem/identifier-domain",
          "code" : "http://esveikata.lt/Identifier/Patient/DIK",
          "display" : "DIK"
        },
        {
          "system" : "https://hl7.lt/fhir/tx/CodeSystem/identifier-domain",
          "code" : "http://esveikata.lt/Identifier/Patient/SveidraID",
          "display" : "SveidraID"
        },
        {
          "system" : "https://hl7.lt/fhir/tx/CodeSystem/identifier-domain",
          "code" : "http://esveikata.lt/Identifier/Patient/eFormNumber",
          "display" : "eFormNumber"
        },
        {
          "system" : "https://hl7.lt/fhir/tx/CodeSystem/identifier-domain",
          "code" : "http://esveikata.lt/Identifier/Patient/ForeignPersonalCode",
          "display" : "ForeignPersonalCode"
        },
        {
          "system" : "https://hl7.lt/fhir/tx/CodeSystem/identifier-domain",
          "code" : "http://esveikata.lt/Identifier/eDelivery",
          "display" : "eDelivery"
        },
        {
          "system" : "https://hl7.lt/fhir/tx/CodeSystem/identifier-domain",
          "code" : "http://esveikata.lt/classifiers/IdentityDocument/SerieNumber",
          "display" : "SerieNumber"
        }]
      }
    }
  }]
}