{
  "resourceType" : "CodeSystem",
  "id" : "identifier-domain",
  "language" : "lt",
  "text" : {
    "status" : "generated",
    "div" : "<div xmlns=\"http://www.w3.org/1999/xhtml\"><div xml:lang=\"en\" lang=\"en\"><hr/><p><b>English</b></p><hr/><p class=\"res-header-id\"><b>Generated Narrative: CodeSystem identifier-domain</b></p><a name=\"identifier-domain\"> </a><a name=\"hcidentifier-domain\"> </a><div style=\"display: inline-block; background-color: #d9e0e7; padding: 6px; margin: 4px; border: 1px solid #8da1b4; border-radius: 5px; line-height: 60%\"><p style=\"margin-bottom: 0px\">Language: lt</p></div><p>This case-sensitive code system <code>https://hl7.lt/fhir/tx/CodeSystem/identifier-domain</code> defines the following codes in a Is-A hierarchy:</p><table class=\"codes\"><tr><td style=\"white-space:nowrap\"><b>Code</b></td><td><b>Display</b></td><td><b>Definition</b></td></tr><tr><td style=\"white-space:nowrap\">http://esveikata.lt/Identifier/SVEIDRAID<a name=\"identifier-domain-http.58.47.47esveikata.46lt.47Identifier.47SVEIDRAID\"> </a></td><td>SVEIDRA identifier</td><td>SVEIDRA identifier</td></tr><tr><td style=\"white-space:nowrap\">http://esveikata.lt/classifiers/Identifier/JAR<a name=\"identifier-domain-http.58.47.47esveikata.46lt.47classifiers.47Identifier.47JAR\"> </a></td><td>JAR code</td><td>JAR code</td></tr><tr><td style=\"white-space:nowrap\">http://esveikata.lt/Identifier/ESPBI<a name=\"identifier-domain-http.58.47.47esveikata.46lt.47Identifier.47ESPBI\"> </a></td><td>ESPBI id</td><td>ESPBI id</td></tr><tr><td style=\"white-space:nowrap\">http://esveikata.lt/Identifier/VAPRIS<a name=\"identifier-domain-http.58.47.47esveikata.46lt.47Identifier.47VAPRIS\"> </a></td><td>VAPRIS</td><td>VAPRIS</td></tr><tr><td style=\"white-space:nowrap\">http://esveikata.lt/Identifier/SPILIS<a name=\"identifier-domain-http.58.47.47esveikata.46lt.47Identifier.47SPILIS\"> </a></td><td>SPĮLIS</td><td>SPĮLIS veiklos vietos identifikatorius</td></tr><tr><td style=\"white-space:nowrap\">http://esveikata.lt/Identifier/PersonalCode<a name=\"identifier-domain-http.58.47.47esveikata.46lt.47Identifier.47PersonalCode\"> </a></td><td>Personal Code</td><td>Personal Code</td></tr><tr><td style=\"white-space:nowrap\">http://esveikata.lt/Identifier/Patient/ESI<a name=\"identifier-domain-http.58.47.47esveikata.46lt.47Identifier.47Patient.47ESI\"> </a></td><td>ESI code</td><td>ESI code</td></tr><tr><td style=\"white-space:nowrap\">http://esveikata.lt/Identifier/Patient/DIK<a name=\"identifier-domain-http.58.47.47esveikata.46lt.47Identifier.47Patient.47DIK\"> </a></td><td>DIK</td><td>DIK</td></tr><tr><td style=\"white-space:nowrap\">http://esveikata.lt/Identifier/Patient/SveidraID<a name=\"identifier-domain-http.58.47.47esveikata.46lt.47Identifier.47Patient.47SveidraID\"> </a></td><td>SveidraID</td><td>SveidraID</td></tr><tr><td style=\"white-space:nowrap\">http://esveikata.lt/Identifier/Patient/eFormNumber<a name=\"identifier-domain-http.58.47.47esveikata.46lt.47Identifier.47Patient.47eFormNumber\"> </a></td><td>eFormNumber</td><td>eFormNumber</td></tr><tr><td style=\"white-space:nowrap\">http://esveikata.lt/Identifier/Patient/ForeignPersonalCode<a name=\"identifier-domain-http.58.47.47esveikata.46lt.47Identifier.47Patient.47ForeignPersonalCode\"> </a></td><td>ForeignPersonalCode</td><td>ForeignPersonalCode</td></tr><tr><td style=\"white-space:nowrap\">http://esveikata.lt/Identifier/eDelivery<a name=\"identifier-domain-http.58.47.47esveikata.46lt.47Identifier.47eDelivery\"> </a></td><td>eDelivery</td><td>eDelivery</td></tr><tr><td style=\"white-space:nowrap\">http://esveikata.lt/classifiers/IdentityDocument/SerieNumber<a name=\"identifier-domain-http.58.47.47esveikata.46lt.47classifiers.47IdentityDocument.47SerieNumber\"> </a></td><td>SerieNumber</td><td>SerieNumber</td></tr></table></div><div xml:lang=\"lt\" lang=\"lt\"><hr/><p><b>Lithuanian</b></p><hr/><p class=\"res-header-id\"><b>Generated Narrative: CodeSystem identifier-domain</b></p><a name=\"lt-identifier-domain\"> </a><a name=\"lt-hcidentifier-domain\"> </a><div style=\"display: inline-block; background-color: #d9e0e7; padding: 6px; margin: 4px; border: 1px solid #8da1b4; border-radius: 5px; line-height: 60%\"><p style=\"margin-bottom: 0px\">Language: lt</p></div><p>This case-sensitive code system <code>https://hl7.lt/fhir/tx/CodeSystem/identifier-domain</code> defines the following codes in a Is-A hierarchy:</p><table class=\"codes\"><tr><td style=\"white-space:nowrap\"><b>Code</b></td><td><b>Display</b></td><td><b>Definition</b></td></tr><tr><td style=\"white-space:nowrap\">http://esveikata.lt/Identifier/SVEIDRAID<a name=\"lt-identifier-domain-http.58.47.47esveikata.46lt.47Identifier.47SVEIDRAID\"> </a></td><td>SVEIDRA identifier</td><td>SVEIDRA identifier</td></tr><tr><td style=\"white-space:nowrap\">http://esveikata.lt/classifiers/Identifier/JAR<a name=\"lt-identifier-domain-http.58.47.47esveikata.46lt.47classifiers.47Identifier.47JAR\"> </a></td><td>JAR code</td><td>JAR code</td></tr><tr><td style=\"white-space:nowrap\">http://esveikata.lt/Identifier/ESPBI<a name=\"lt-identifier-domain-http.58.47.47esveikata.46lt.47Identifier.47ESPBI\"> </a></td><td>ESPBI id</td><td>ESPBI id</td></tr><tr><td style=\"white-space:nowrap\">http://esveikata.lt/Identifier/VAPRIS<a name=\"lt-identifier-domain-http.58.47.47esveikata.46lt.47Identifier.47VAPRIS\"> </a></td><td>VAPRIS</td><td>VAPRIS</td></tr><tr><td style=\"white-space:nowrap\">http://esveikata.lt/Identifier/SPILIS<a name=\"lt-identifier-domain-http.58.47.47esveikata.46lt.47Identifier.47SPILIS\"> </a></td><td>SPĮLIS</td><td>SPĮLIS veiklos vietos identifikatorius</td></tr><tr><td style=\"white-space:nowrap\">http://esveikata.lt/Identifier/PersonalCode<a name=\"lt-identifier-domain-http.58.47.47esveikata.46lt.47Identifier.47PersonalCode\"> </a></td><td>Personal Code</td><td>Personal Code</td></tr><tr><td style=\"white-space:nowrap\">http://esveikata.lt/Identifier/Patient/ESI<a name=\"lt-identifier-domain-http.58.47.47esveikata.46lt.47Identifier.47Patient.47ESI\"> </a></td><td>ESI code</td><td>ESI code</td></tr><tr><td style=\"white-space:nowrap\">http://esveikata.lt/Identifier/Patient/DIK<a name=\"lt-identifier-domain-http.58.47.47esveikata.46lt.47Identifier.47Patient.47DIK\"> </a></td><td>DIK</td><td>DIK</td></tr><tr><td style=\"white-space:nowrap\">http://esveikata.lt/Identifier/Patient/SveidraID<a name=\"lt-identifier-domain-http.58.47.47esveikata.46lt.47Identifier.47Patient.47SveidraID\"> </a></td><td>SveidraID</td><td>SveidraID</td></tr><tr><td style=\"white-space:nowrap\">http://esveikata.lt/Identifier/Patient/eFormNumber<a name=\"lt-identifier-domain-http.58.47.47esveikata.46lt.47Identifier.47Patient.47eFormNumber\"> </a></td><td>eFormNumber</td><td>eFormNumber</td></tr><tr><td style=\"white-space:nowrap\">http://esveikata.lt/Identifier/Patient/ForeignPersonalCode<a name=\"lt-identifier-domain-http.58.47.47esveikata.46lt.47Identifier.47Patient.47ForeignPersonalCode\"> </a></td><td>ForeignPersonalCode</td><td>ForeignPersonalCode</td></tr><tr><td style=\"white-space:nowrap\">http://esveikata.lt/Identifier/eDelivery<a name=\"lt-identifier-domain-http.58.47.47esveikata.46lt.47Identifier.47eDelivery\"> </a></td><td>eDelivery</td><td>eDelivery</td></tr><tr><td style=\"white-space:nowrap\">http://esveikata.lt/classifiers/IdentityDocument/SerieNumber<a name=\"lt-identifier-domain-http.58.47.47esveikata.46lt.47classifiers.47IdentityDocument.47SerieNumber\"> </a></td><td>SerieNumber</td><td>SerieNumber</td></tr></table></div></div>"
  },
  "url" : "https://hl7.lt/fhir/tx/CodeSystem/identifier-domain",
  "version" : "0.2.0",
  "name" : "LTBaseIdentifierDomain",
  "title" : "Identifier Domain",
  "status" : "draft",
  "experimental" : true,
  "date" : "2025-10-30T19:02:48+02:00",
  "publisher" : "Lithuanian Medical Library",
  "_publisher" : {
    "extension" : [{
      "extension" : [{
        "url" : "lang",
        "valueCode" : "lt"
      },
      {
        "url" : "content",
        "valueString" : "Lietuvos medicinos biblioteka"
      }],
      "url" : "http://hl7.org/fhir/StructureDefinition/translation"
    }]
  },
  "contact" : [{
    "name" : "Lithuanian Medical Library",
    "telecom" : [{
      "system" : "url",
      "value" : "https://medicinosnk.lt"
    },
    {
      "system" : "email",
      "value" : "info@medicinosnk.lt"
    }]
  }],
  "description" : "Identifier Domain with translations in Lithuanian",
  "jurisdiction" : [{
    "coding" : [{
      "system" : "urn:iso:std:iso:3166",
      "code" : "LT"
    }]
  }],
  "caseSensitive" : true,
  "hierarchyMeaning" : "is-a",
  "content" : "complete",
  "count" : 13,
  "concept" : [{
    "code" : "http://esveikata.lt/Identifier/SVEIDRAID",
    "display" : "SVEIDRA identifier",
    "definition" : "SVEIDRA identifier",
    "designation" : [{
      "language" : "lt",
      "value" : "SVEIDRA identifikatorius"
    }]
  },
  {
    "code" : "http://esveikata.lt/classifiers/Identifier/JAR",
    "display" : "JAR code",
    "definition" : "JAR code",
    "designation" : [{
      "language" : "lt",
      "value" : "JAR kodas"
    }]
  },
  {
    "code" : "http://esveikata.lt/Identifier/ESPBI",
    "display" : "ESPBI id",
    "definition" : "ESPBI id",
    "designation" : [{
      "language" : "lt",
      "value" : "ESPBI id"
    }]
  },
  {
    "code" : "http://esveikata.lt/Identifier/VAPRIS",
    "display" : "VAPRIS",
    "definition" : "VAPRIS",
    "designation" : [{
      "language" : "lt",
      "value" : "VAPRIS"
    }]
  },
  {
    "code" : "http://esveikata.lt/Identifier/SPILIS",
    "display" : "SPĮLIS",
    "definition" : "SPĮLIS veiklos vietos identifikatorius",
    "designation" : [{
      "language" : "lt",
      "value" : "SPĮLIS veiklos vietos identifikatorius"
    }]
  },
  {
    "code" : "http://esveikata.lt/Identifier/PersonalCode",
    "display" : "Personal Code",
    "definition" : "Personal Code",
    "designation" : [{
      "language" : "lt",
      "value" : "Asmens kodas"
    }]
  },
  {
    "code" : "http://esveikata.lt/Identifier/Patient/ESI",
    "display" : "ESI code",
    "definition" : "ESI code",
    "designation" : [{
      "language" : "lt",
      "value" : "ESI code"
    }]
  },
  {
    "code" : "http://esveikata.lt/Identifier/Patient/DIK",
    "display" : "DIK",
    "definition" : "DIK",
    "designation" : [{
      "language" : "lt",
      "value" : "DIK"
    }]
  },
  {
    "code" : "http://esveikata.lt/Identifier/Patient/SveidraID",
    "display" : "SveidraID",
    "definition" : "SveidraID",
    "designation" : [{
      "language" : "lt",
      "value" : "SveidraID"
    }]
  },
  {
    "code" : "http://esveikata.lt/Identifier/Patient/eFormNumber",
    "display" : "eFormNumber",
    "definition" : "eFormNumber",
    "designation" : [{
      "language" : "lt",
      "value" : "eFormNumber"
    }]
  },
  {
    "code" : "http://esveikata.lt/Identifier/Patient/ForeignPersonalCode",
    "display" : "ForeignPersonalCode",
    "definition" : "ForeignPersonalCode",
    "designation" : [{
      "language" : "lt",
      "value" : "ForeignPersonalCode"
    }]
  },
  {
    "code" : "http://esveikata.lt/Identifier/eDelivery",
    "display" : "eDelivery",
    "definition" : "eDelivery",
    "designation" : [{
      "language" : "lt",
      "value" : "eDelivery"
    }]
  },
  {
    "code" : "http://esveikata.lt/classifiers/IdentityDocument/SerieNumber",
    "display" : "SerieNumber",
    "definition" : "SerieNumber",
    "designation" : [{
      "language" : "lt",
      "value" : "SerieNumber"
    }]
  }]
}