{
  "date" : "Thu, 30 Oct, 2025 19:02:48 +0200",
  "doco" : "For each file: start is seconds after start activity occurred. Length = milliseconds activity took",
  "files" : [
    {
      "name" : "/fsh-generated/resources/ImplementationGuide-lt.hl7.fhir.base.json",
      "size" : 11626,
      "processes" : [
        {
          "activity" : "load",
          "start" : 15,
          "length" : 32
        },
        {
          "activity" : "checkR4R4B",
          "start" : 16,
          "length" : 4
        },
        {
          "activity" : "generateNarratives",
          "start" : 16,
          "length" : 55
        },
        {
          "activity" : "validate",
          "start" : 28,
          "length" : 5686
        },
        {
          "activity" : "translate",
          "start" : 52,
          "length" : 6
        },
        {
          "activity" : "generate1",
          "start" : 53,
          "length" : 49
        },
        {
          "activity" : "generate2",
          "start" : 56,
          "length" : 56
        }
      ]
    },
    {
      "name" : "fsh-generated/resources/CodeSystem-identifier-domain.json",
      "size" : 3817,
      "processes" : [
        {
          "activity" : "loadResources",
          "start" : 15,
          "length" : 9
        },
        {
          "activity" : "load",
          "start" : 15,
          "length" : 6
        },
        {
          "activity" : "generateNarratives",
          "start" : 16,
          "length" : 9
        },
        {
          "activity" : "validate",
          "start" : 19,
          "length" : 4867
        },
        {
          "activity" : "translate",
          "start" : 52,
          "length" : 2
        },
        {
          "activity" : "generate1",
          "start" : 53,
          "length" : 23
        },
        {
          "activity" : "generate2",
          "start" : 56,
          "length" : 318
        },
        {
          "activity" : "generateValidationPack",
          "start" : 80,
          "length" : 1
        }
      ]
    },
    {
      "name" : "fsh-generated/resources/Condition-example-cancer.json",
      "size" : 1575,
      "processes" : [
        {
          "activity" : "loadResources",
          "start" : 15,
          "length" : 9
        },
        {
          "activity" : "generateNarratives",
          "start" : 16,
          "length" : 129
        },
        {
          "activity" : "checkConformanceResources",
          "start" : 33,
          "length" : 1
        },
        {
          "activity" : "validate",
          "start" : 39,
          "length" : 7858
        },
        {
          "activity" : "translate",
          "start" : 52,
          "length" : 1
        },
        {
          "activity" : "generate1",
          "start" : 53,
          "length" : 13
        },
        {
          "activity" : "generate2",
          "start" : 56,
          "length" : 17
        }
      ]
    },
    {
      "name" : "fsh-generated/resources/Encounter-example-encounter.json",
      "size" : 2249,
      "processes" : [
        {
          "activity" : "loadResources",
          "start" : 15,
          "length" : 7
        },
        {
          "activity" : "load",
          "start" : 15,
          "length" : 1
        },
        {
          "activity" : "checkR4R4B",
          "start" : 16,
          "length" : 1
        },
        {
          "activity" : "generateNarratives",
          "start" : 16,
          "length" : 5
        },
        {
          "activity" : "validate",
          "start" : 47,
          "length" : 79
        },
        {
          "activity" : "translate",
          "start" : 52,
          "length" : 3
        },
        {
          "activity" : "generate1",
          "start" : 53,
          "length" : 18
        },
        {
          "activity" : "generate2",
          "start" : 56,
          "length" : 19
        }
      ]
    },
    {
      "name" : "fsh-generated/resources/Encounter-example-pencounter.json",
      "size" : 1320,
      "processes" : [
        {
          "activity" : "loadResources",
          "start" : 15,
          "length" : 6
        },
        {
          "activity" : "generateNarratives",
          "start" : 16,
          "length" : 2
        },
        {
          "activity" : "validate",
          "start" : 47,
          "length" : 4
        },
        {
          "activity" : "translate",
          "start" : 52,
          "length" : 1
        },
        {
          "activity" : "generate1",
          "start" : 53,
          "length" : 12
        },
        {
          "activity" : "generate2",
          "start" : 56,
          "length" : 16
        }
      ]
    },
    {
      "name" : "fsh-generated/resources/Location-example-location.json",
      "size" : 697,
      "processes" : [
        {
          "activity" : "loadResources",
          "start" : 15,
          "length" : 7
        },
        {
          "activity" : "generateNarratives",
          "start" : 16,
          "length" : 1
        },
        {
          "activity" : "validate",
          "start" : 47,
          "length" : 3
        },
        {
          "activity" : "translate",
          "start" : 52,
          "length" : 2
        },
        {
          "activity" : "generate1",
          "start" : 53,
          "length" : 9
        },
        {
          "activity" : "generate2",
          "start" : 56,
          "length" : 13
        }
      ]
    },
    {
      "name" : "fsh-generated/resources/Observation-example-LTBaseobservation-blood-pressure.json",
      "size" : 3098,
      "processes" : [
        {
          "activity" : "loadResources",
          "start" : 15,
          "length" : 9
        },
        {
          "activity" : "generateNarratives",
          "start" : 16,
          "length" : 2058
        },
        {
          "activity" : "validate",
          "start" : 47,
          "length" : 5468
        },
        {
          "activity" : "translate",
          "start" : 52,
          "length" : 2
        },
        {
          "activity" : "generate1",
          "start" : 53,
          "length" : 19
        },
        {
          "activity" : "generate2",
          "start" : 56,
          "length" : 19
        },
        {
          "activity" : "scanExamplesForR5",
          "start" : 93,
          "length" : 1
        }
      ]
    },
    {
      "name" : "fsh-generated/resources/Organization-example-lmb.json",
      "size" : 1245,
      "processes" : [
        {
          "activity" : "loadResources",
          "start" : 15,
          "length" : 7
        },
        {
          "activity" : "generateNarratives",
          "start" : 18,
          "length" : 7
        },
        {
          "activity" : "validate",
          "start" : 52,
          "length" : 28
        },
        {
          "activity" : "translate",
          "start" : 52,
          "length" : 1
        },
        {
          "activity" : "generate1",
          "start" : 53,
          "length" : 10
        },
        {
          "activity" : "generate2",
          "start" : 56,
          "length" : 15
        }
      ]
    },
    {
      "name" : "fsh-generated/resources/Organization-example-organization.json",
      "size" : 897,
      "processes" : [
        {
          "activity" : "loadResources",
          "start" : 15,
          "length" : 7
        },
        {
          "activity" : "generateNarratives",
          "start" : 18,
          "length" : 1
        },
        {
          "activity" : "validate",
          "start" : 52,
          "length" : 4
        },
        {
          "activity" : "translate",
          "start" : 52,
          "length" : 2
        },
        {
          "activity" : "generate1",
          "start" : 53,
          "length" : 9
        },
        {
          "activity" : "generate2",
          "start" : 56,
          "length" : 14
        }
      ]
    },
    {
      "name" : "fsh-generated/resources/Patient-example-patient.json",
      "size" : 939,
      "processes" : [
        {
          "activity" : "loadResources",
          "start" : 15,
          "length" : 7
        },
        {
          "activity" : "generateNarratives",
          "start" : 18,
          "length" : 38
        },
        {
          "activity" : "validate",
          "start" : 52,
          "length" : 4
        },
        {
          "activity" : "translate",
          "start" : 52,
          "length" : 2
        },
        {
          "activity" : "generate1",
          "start" : 53,
          "length" : 10
        },
        {
          "activity" : "generate2",
          "start" : 56,
          "length" : 12
        }
      ]
    },
    {
      "name" : "fsh-generated/resources/Practitioner-example-practitioner.json",
      "size" : 927,
      "processes" : [
        {
          "activity" : "loadResources",
          "start" : 15,
          "length" : 6
        },
        {
          "activity" : "checkR4R4B",
          "start" : 16,
          "length" : 1
        },
        {
          "activity" : "generateNarratives",
          "start" : 18,
          "length" : 1
        },
        {
          "activity" : "validate",
          "start" : 52,
          "length" : 7
        },
        {
          "activity" : "translate",
          "start" : 52,
          "length" : 2
        },
        {
          "activity" : "generate1",
          "start" : 53,
          "length" : 10
        },
        {
          "activity" : "generate2",
          "start" : 56,
          "length" : 12
        }
      ]
    },
    {
      "name" : "fsh-generated/resources/PractitionerRole-example-practitioner-role.json",
      "size" : 578,
      "processes" : [
        {
          "activity" : "loadResources",
          "start" : 15,
          "length" : 7
        },
        {
          "activity" : "generateNarratives",
          "start" : 18,
          "length" : 1
        },
        {
          "activity" : "validate",
          "start" : 52,
          "length" : 2
        },
        {
          "activity" : "translate",
          "start" : 52,
          "length" : 1
        },
        {
          "activity" : "generate1",
          "start" : 53,
          "length" : 9
        },
        {
          "activity" : "generate2",
          "start" : 56,
          "length" : 15
        }
      ]
    },
    {
      "name" : "fsh-generated/resources/RelatedPerson-example-related-person.json",
      "size" : 610,
      "processes" : [
        {
          "activity" : "loadResources",
          "start" : 15,
          "length" : 6
        },
        {
          "activity" : "generateNarratives",
          "start" : 18,
          "length" : 1
        },
        {
          "activity" : "validate",
          "start" : 52,
          "length" : 12
        },
        {
          "activity" : "translate",
          "start" : 52,
          "length" : 1
        },
        {
          "activity" : "generate1",
          "start" : 53,
          "length" : 8
        },
        {
          "activity" : "generate2",
          "start" : 56,
          "length" : 13
        }
      ]
    },
    {
      "name" : "fsh-generated/resources/StructureDefinition-lt-condition.json",
      "size" : 3135,
      "processes" : [
        {
          "activity" : "loadResources",
          "start" : 15,
          "length" : 8
        },
        {
          "activity" : "load",
          "start" : 15,
          "length" : 5
        },
        {
          "activity" : "generateSnapshots",
          "start" : 16,
          "length" : 21
        },
        {
          "activity" : "load-configure",
          "start" : 16,
          "length" : 1
        },
        {
          "activity" : "generateNarratives",
          "start" : 18,
          "length" : 26
        },
        {
          "activity" : "validate",
          "start" : 27,
          "length" : 126
        },
        {
          "activity" : "scanForUsageStats",
          "start" : 39,
          "length" : 1
        },
        {
          "activity" : "translate",
          "start" : 52,
          "length" : 1
        },
        {
          "activity" : "generate1",
          "start" : 53,
          "length" : 188
        },
        {
          "activity" : "generate2",
          "start" : 56,
          "length" : 1195
        },
        {
          "activity" : "generate2",
          "start" : 61,
          "length" : 1630
        },
        {
          "activity" : "generateValidationPack",
          "start" : 80,
          "length" : 3
        }
      ]
    },
    {
      "name" : "fsh-generated/resources/StructureDefinition-lt-encounter.json",
      "size" : 6106,
      "processes" : [
        {
          "activity" : "loadResources",
          "start" : 15,
          "length" : 9
        },
        {
          "activity" : "load",
          "start" : 15,
          "length" : 5
        },
        {
          "activity" : "generateSnapshots",
          "start" : 16,
          "length" : 33
        },
        {
          "activity" : "generateNarratives",
          "start" : 18,
          "length" : 22
        },
        {
          "activity" : "validate",
          "start" : 27,
          "length" : 149
        },
        {
          "activity" : "generate1",
          "start" : 53,
          "length" : 364
        },
        {
          "activity" : "generate2",
          "start" : 57,
          "length" : 609
        },
        {
          "activity" : "generate2",
          "start" : 63,
          "length" : 171
        },
        {
          "activity" : "generateValidationPack",
          "start" : 80,
          "length" : 5
        },
        {
          "activity" : "scanExamplesForR5",
          "start" : 93,
          "length" : 2
        }
      ]
    },
    {
      "name" : "fsh-generated/resources/StructureDefinition-lt-location.json",
      "size" : 663,
      "processes" : [
        {
          "activity" : "loadResources",
          "start" : 15,
          "length" : 6
        },
        {
          "activity" : "load",
          "start" : 15,
          "length" : 3
        },
        {
          "activity" : "generateSnapshots",
          "start" : 16,
          "length" : 25
        },
        {
          "activity" : "generateNarratives",
          "start" : 18,
          "length" : 10
        },
        {
          "activity" : "validate",
          "start" : 27,
          "length" : 67
        },
        {
          "activity" : "checkConformanceResources",
          "start" : 33,
          "length" : 1
        },
        {
          "activity" : "generate1",
          "start" : 53,
          "length" : 93
        },
        {
          "activity" : "generate2",
          "start" : 58,
          "length" : 280
        },
        {
          "activity" : "generate2",
          "start" : 63,
          "length" : 93
        },
        {
          "activity" : "generateValidationPack",
          "start" : 80,
          "length" : 2
        },
        {
          "activity" : "scanProfilesForR5",
          "start" : 93,
          "length" : 1
        }
      ]
    },
    {
      "name" : "fsh-generated/resources/StructureDefinition-lt-observation.json",
      "size" : 7056,
      "processes" : [
        {
          "activity" : "loadResources",
          "start" : 15,
          "length" : 8
        },
        {
          "activity" : "load",
          "start" : 15,
          "length" : 5
        },
        {
          "activity" : "generateSnapshots",
          "start" : 16,
          "length" : 31
        },
        {
          "activity" : "generateNarratives",
          "start" : 18,
          "length" : 16
        },
        {
          "activity" : "validate",
          "start" : 27,
          "length" : 114
        },
        {
          "activity" : "scanForUsageStats",
          "start" : 39,
          "length" : 1
        },
        {
          "activity" : "translate",
          "start" : 52,
          "length" : 1
        },
        {
          "activity" : "generate1",
          "start" : 53,
          "length" : 341
        },
        {
          "activity" : "generate2",
          "start" : 58,
          "length" : 578
        },
        {
          "activity" : "generate2",
          "start" : 63,
          "length" : 162
        },
        {
          "activity" : "generateValidationPack",
          "start" : 80,
          "length" : 7
        },
        {
          "activity" : "scanExamplesForR5",
          "start" : 93,
          "length" : 1
        }
      ]
    },
    {
      "name" : "fsh-generated/resources/StructureDefinition-lt-organization.json",
      "size" : 5262,
      "processes" : [
        {
          "activity" : "loadResources",
          "start" : 15,
          "length" : 11
        },
        {
          "activity" : "load",
          "start" : 15,
          "length" : 4
        },
        {
          "activity" : "generateSnapshots",
          "start" : 16,
          "length" : 30
        },
        {
          "activity" : "generateNarratives",
          "start" : 18,
          "length" : 19
        },
        {
          "activity" : "validate",
          "start" : 27,
          "length" : 110
        },
        {
          "activity" : "checkConformanceResources",
          "start" : 33,
          "length" : 1
        },
        {
          "activity" : "generate1",
          "start" : 54,
          "length" : 240
        },
        {
          "activity" : "generate2",
          "start" : 59,
          "length" : 510
        },
        {
          "activity" : "generate2",
          "start" : 63,
          "length" : 167
        },
        {
          "activity" : "generateValidationPack",
          "start" : 80,
          "length" : 6
        },
        {
          "activity" : "scanExamplesForR5",
          "start" : 93,
          "length" : 1
        }
      ]
    },
    {
      "name" : "fsh-generated/resources/StructureDefinition-lt-patient.json",
      "size" : 4599,
      "processes" : [
        {
          "activity" : "loadResources",
          "start" : 15,
          "length" : 7
        },
        {
          "activity" : "load",
          "start" : 15,
          "length" : 5
        },
        {
          "activity" : "generateSnapshots",
          "start" : 16,
          "length" : 35
        },
        {
          "activity" : "generateNarratives",
          "start" : 18,
          "length" : 20
        },
        {
          "activity" : "validate",
          "start" : 28,
          "length" : 121
        },
        {
          "activity" : "scanForUsageStats",
          "start" : 39,
          "length" : 1
        },
        {
          "activity" : "generate1",
          "start" : 54,
          "length" : 275
        },
        {
          "activity" : "generate2",
          "start" : 59,
          "length" : 548
        },
        {
          "activity" : "generate2",
          "start" : 63,
          "length" : 188
        },
        {
          "activity" : "generateValidationPack",
          "start" : 80,
          "length" : 6
        },
        {
          "activity" : "scanExamplesForR5",
          "start" : 93,
          "length" : 1
        }
      ]
    },
    {
      "name" : "fsh-generated/resources/StructureDefinition-lt-practitioner-role.json",
      "size" : 1986,
      "processes" : [
        {
          "activity" : "loadResources",
          "start" : 15,
          "length" : 7
        },
        {
          "activity" : "load",
          "start" : 15,
          "length" : 3
        },
        {
          "activity" : "generateSnapshots",
          "start" : 16,
          "length" : 14
        },
        {
          "activity" : "generateNarratives",
          "start" : 18,
          "length" : 5
        },
        {
          "activity" : "validate",
          "start" : 28,
          "length" : 39
        },
        {
          "activity" : "translate",
          "start" : 52,
          "length" : 1
        },
        {
          "activity" : "generate1",
          "start" : 54,
          "length" : 93
        },
        {
          "activity" : "generate2",
          "start" : 60,
          "length" : 248
        },
        {
          "activity" : "generate2",
          "start" : 63,
          "length" : 58
        },
        {
          "activity" : "generateValidationPack",
          "start" : 80,
          "length" : 1
        },
        {
          "activity" : "scanProfilesForR5",
          "start" : 93,
          "length" : 1
        }
      ]
    },
    {
      "name" : "fsh-generated/resources/StructureDefinition-lt-practitioner.json",
      "size" : 3034,
      "processes" : [
        {
          "activity" : "loadResources",
          "start" : 15,
          "length" : 6
        },
        {
          "activity" : "load",
          "start" : 15,
          "length" : 4
        },
        {
          "activity" : "generateSnapshots",
          "start" : 16,
          "length" : 31
        },
        {
          "activity" : "generateNarratives",
          "start" : 18,
          "length" : 9
        },
        {
          "activity" : "validate",
          "start" : 28,
          "length" : 80
        },
        {
          "activity" : "generate1",
          "start" : 54,
          "length" : 204
        },
        {
          "activity" : "generate2",
          "start" : 60,
          "length" : 397
        },
        {
          "activity" : "generate2",
          "start" : 63,
          "length" : 113
        },
        {
          "activity" : "generateValidationPack",
          "start" : 80,
          "length" : 7
        },
        {
          "activity" : "scanExamplesForR5",
          "start" : 93,
          "length" : 1
        }
      ]
    },
    {
      "name" : "fsh-generated/resources/StructureDefinition-lt-related-person.json",
      "size" : 1331,
      "processes" : [
        {
          "activity" : "loadResources",
          "start" : 15,
          "length" : 6
        },
        {
          "activity" : "load",
          "start" : 15,
          "length" : 4
        },
        {
          "activity" : "generateSnapshots",
          "start" : 16,
          "length" : 18
        },
        {
          "activity" : "generateNarratives",
          "start" : 18,
          "length" : 4
        },
        {
          "activity" : "validate",
          "start" : 28,
          "length" : 41
        },
        {
          "activity" : "checkConformanceResources",
          "start" : 33,
          "length" : 1
        },
        {
          "activity" : "generate1",
          "start" : 55,
          "length" : 97
        },
        {
          "activity" : "generate2",
          "start" : 61,
          "length" : 225
        },
        {
          "activity" : "generate2",
          "start" : 64,
          "length" : 56
        },
        {
          "activity" : "generateValidationPack",
          "start" : 80,
          "length" : 2
        }
      ]
    },
    {
      "name" : "fsh-generated/resources/ValueSet-organization-identifier.json",
      "size" : 918,
      "processes" : [
        {
          "activity" : "loadResources",
          "start" : 15,
          "length" : 7
        },
        {
          "activity" : "load",
          "start" : 15,
          "length" : 4
        },
        {
          "activity" : "generateNarratives",
          "start" : 19,
          "length" : 41
        },
        {
          "activity" : "validate",
          "start" : 23,
          "length" : 3514
        },
        {
          "activity" : "translate",
          "start" : 52,
          "length" : 2
        },
        {
          "activity" : "generate1",
          "start" : 55,
          "length" : 12
        },
        {
          "activity" : "generate2",
          "start" : 61,
          "length" : 67
        }
      ]
    },
    {
      "name" : "fsh-generated/resources/ValueSet-patient-identifier.json",
      "size" : 1396,
      "processes" : [
        {
          "activity" : "loadResources",
          "start" : 15,
          "length" : 6
        },
        {
          "activity" : "load",
          "start" : 15,
          "length" : 3
        },
        {
          "activity" : "generateNarratives",
          "start" : 19,
          "length" : 3
        },
        {
          "activity" : "validate",
          "start" : 27,
          "length" : 18
        },
        {
          "activity" : "translate",
          "start" : 52,
          "length" : 3
        },
        {
          "activity" : "generate1",
          "start" : 55,
          "length" : 15
        },
        {
          "activity" : "generate2",
          "start" : 61,
          "length" : 61
        }
      ]
    },
    {
      "name" : "/input/includes/markdown-link-references.md",
      "size" : 240,
      "processes" : [
        {
          "activity" : "generate2",
          "start" : 61,
          "length" : 1
        }
      ]
    },
    {
      "name" : "/fsh-generated/includes/fsh-link-references.md",
      "size" : 1405,
      "processes" : [
        {
          "activity" : "generate2",
          "start" : 61,
          "length" : 1
        }
      ]
    },
    {
      "name" : "/fsh-generated/includes/menu.xml",
      "size" : 1043
    },
    {
      "name" : "/input/pagecontent/changelog.md",
      "size" : 308,
      "processes" : [
        {
          "activity" : "validate",
          "start" : 33,
          "length" : 1
        },
        {
          "activity" : "generate2",
          "start" : 61,
          "length" : 1
        }
      ]
    },
    {
      "name" : "/input/pagecontent/index.md",
      "size" : 4157
    },
    {
      "name" : "/input/pagecontent/translationinfo.md",
      "size" : 6,
      "processes" : [
        {
          "activity" : "generate2",
          "start" : 61,
          "length" : 1
        }
      ]
    },
    {
      "name" : "/template/config",
      "size" : 0
    },
    {
      "name" : "/template/config/_config.yml",
      "size" : 140
    },
    {
      "name" : "/temp/pages/_includes/artifacts.xml",
      "size" : 15083,
      "processes" : [
        {
          "activity" : "generate2",
          "start" : 61,
          "length" : 1
        }
      ]
    }
  ]
}
