{
  "url" : "https://hl7.lt/fhir/base/ImplementationGuide/lt.hl7.fhir.base",
  "name" : "LTBase",
  "title" : "Lithuanian Base Implementation Guide",
  "description" : "Lithuanian Base Implementation Guide",
  "status" : "draft",
  "package-id" : "lt.hl7.fhir.base",
  "ig-ver" : "0.2.0",
  "date" : "Thu, 30 Oct, 2025 19:02:48 +0200",
  "dateISO8601" : "2025-10-30T19:02:48+02:00",
  "errs" : 2,
  "warnings" : 26,
  "hints" : 702,
  "suppressed-hints" : 272,
  "suppressed-warnings" : 6,
  "version" : "5.0.0",
  "tool" : "5.0.0 (3)",
  "maxMemory" : 2141690856
}
