<?xml version="1.0" encoding="UTF-8"?>

<Observation xmlns="http://hl7.org/fhir">
  <id value="example-LTBaseobservation-blood-pressure"/>
  <meta>
    <profile value="https://hl7.lt/fhir/base/StructureDefinition/lt-observation"/>
  </meta>
  <language value="en"/>
  <text>
    <status value="generated"/><div xml:lang="en" lang="en"><hr/><p><b>English</b></p><hr/><p class="res-header-id"><b>Generated Narrative: Observation example-LTBaseobservation-blood-pressure</b></p><a name="example-LTBaseobservation-blood-pressure"> </a><a name="hcexample-LTBaseobservation-blood-pressure"> </a><div style="display: inline-block; background-color: #d9e0e7; padding: 6px; margin: 4px; border: 1px solid #8da1b4; border-radius: 5px; line-height: 60%"><p style="margin-bottom: 0px">Language: en</p><p style="margin-bottom: 0px">Profile: <a href="StructureDefinition-lt-observation.html">LT Base Observation</a></p></div><p><b>status</b>: Preliminary</p><p><b>category</b>: <span title="Codes:{http://terminology.hl7.org/CodeSystem/observation-category vital-signs}">Vital Signs</span></p><p><b>code</b>: <span title="Codes:{http://loinc.org 85354-9}">Blood pressure panel with all children optional</span></p><p><b>subject</b>: <a href="Patient-example-patient.html">Jonas Petrauskas(official) Male, DoB: 1985-01-01 ( http://hospital-lt.lt/patient-id#HOSPLT-10005 (use: usual, ))</a></p><p><b>encounter</b>: <a href="Encounter-example-encounter.html">Encounter: status = completed; class = Inpatient encounter; priority = Emergency; actualPeriod = 2024-01-01 10:00:00+0000 --&gt; 2024-01-01 11:00:00+0000; plannedStartDate = 2024-01-01 10:00:00+0000; plannedEndDate = 2024-01-01 11:00:00+0000</a></p><p><b>effective</b>: 2025-08-01 10:00:00+0000</p><p><b>issued</b>: 2025-08-01 10:01:00+0000</p><p><b>performer</b>: <a href="Practitioner-example-practitioner.html">Practitioner Dr. Petras Kazlauskas(official)</a></p><p><b>value</b>: Blood pressure within normal  limits</p><p><b>interpretation</b>: <span title="Codes:{http://terminology.hl7.org/CodeSystem/v3-ObservationInterpretation N}">Normal</span></p><p><b>note</b>: </p><blockquote><div><p>Patient was calm and seated for 5 minutes before measurement.</p>
</div></blockquote><h3>ReferenceRanges</h3><table class="grid"><tr><td style="display: none">-</td><td><b>Low</b></td><td><b>High</b></td><td><b>Type</b></td><td><b>Text</b></td></tr><tr><td style="display: none">*</td><td>90 mmHg</td><td>120 mmHg</td><td><span title="Codes:{http://terminology.hl7.org/CodeSystem/referencerange-meaning normal}">Normal Range</span></td><td><div><p>Normal systolic blood pressure for adults</p>
</div></td></tr></table><blockquote><p><b>component</b></p><p><b>code</b>: <span title="Codes:{http://loinc.org 8480-6}">Systolic blood pressure</span></p><p><b>value</b>: 117 mmHg<span style="background: LightGoldenRodYellow"> (Details: UCUM  codemm[Hg] = 'mm[Hg]')</span></p><p><b>interpretation</b>: <span title="Codes:{http://terminology.hl7.org/CodeSystem/v3-ObservationInterpretation N}">Normal</span></p></blockquote><blockquote><p><b>component</b></p><p><b>code</b>: <span title="Codes:{http://loinc.org 8462-4}">Diastolic blood pressure</span></p><p><b>value</b>: 78 mmHg<span style="background: LightGoldenRodYellow"> (Details: UCUM  codemm[Hg] = 'mm[Hg]')</span></p><p><b>interpretation</b>: <span title="Codes:{http://terminology.hl7.org/CodeSystem/v3-ObservationInterpretation N}">Normal</span></p></blockquote></div>
  </text>
  <status value="preliminary"/>
  <category>
    <coding>
      <system value="http://terminology.hl7.org/CodeSystem/observation-category"/>
      <code value="vital-signs"/>
      <display value="Vital Signs"/>
    </coding>
  </category>
  <code>
    <coding>
      <system value="http://loinc.org"/>
      <code value="85354-9"/>
      <display value="Blood pressure panel with all children optional"/>
    </coding>
  </code>
  <subject>
    <reference value="Patient/example-patient"/>
  </subject>
  <encounter>
    <reference value="Encounter/example-encounter"/>
  </encounter>
  <effectiveDateTime value="2025-08-01T10:00:00Z"/>
  <issued value="2025-08-01T10:01:00Z"/>
  <performer>
    <reference value="Practitioner/example-practitioner"/>
  </performer>
  <valueString value="Blood pressure within normal  limits"/>
  <interpretation>
    <coding>
      <system value="http://terminology.hl7.org/CodeSystem/v3-ObservationInterpretation"/>
      <code value="N"/>
      <display value="Normal"/>
    </coding>
  </interpretation>
  <note>
    <text value="Patient was calm and seated for 5 minutes before measurement."/>
  </note>
  <referenceRange>
    <low>
      <value value="90"/>
      <unit value="mmHg"/>
    </low>
    <high>
      <value value="120"/>
      <unit value="mmHg"/>
    </high>
    <type>
      <coding>
        <system value="http://terminology.hl7.org/CodeSystem/referencerange-meaning"/>
        <code value="normal"/>
        <display value="Normal Range"/>
      </coding>
    </type>
    <text value="Normal systolic blood pressure for adults"/>
  </referenceRange>
  <component>
    <code>
      <coding>
        <system value="http://loinc.org"/>
        <code value="8480-6"/>
        <display value="Systolic blood pressure"/>
      </coding>
    </code>
    <valueQuantity>
      <value value="117"/>
      <unit value="mmHg"/>
      <system value="http://unitsofmeasure.org"/>
      <code value="mm[Hg]"/>
    </valueQuantity>
    <interpretation>
      <coding>
        <system value="http://terminology.hl7.org/CodeSystem/v3-ObservationInterpretation"/>
        <code value="N"/>
        <display value="Normal"/>
      </coding>
    </interpretation>
  </component>
  <component>
    <code>
      <coding>
        <system value="http://loinc.org"/>
        <code value="8462-4"/>
        <display value="Diastolic blood pressure"/>
      </coding>
    </code>
    <valueQuantity>
      <value value="78"/>
      <unit value="mmHg"/>
      <system value="http://unitsofmeasure.org"/>
      <code value="mm[Hg]"/>
    </valueQuantity>
    <interpretation>
      <coding>
        <system value="http://terminology.hl7.org/CodeSystem/v3-ObservationInterpretation"/>
        <code value="N"/>
        <display value="Normal"/>
      </coding>
    </interpretation>
  </component>
</Observation>