URL,Version,Status,OIDs,Name,Title,Description,Uses,Used,Sources
http://dicom.nema.org/medical/dicom/current/output/chtml/part16/sect_CID_244.html,2025.3.20250714,active,"1.2.840.10008.6.1.37",Laterality,,"Transitive closure of CID 244 Laterality","StructureDefinition/imagingstudy-lt","SCT,Other"
http://dicom.nema.org/medical/dicom/current/output/chtml/part16/sect_CID_33.html,2025.3.20250714,active,"1.2.840.10008.6.1.1283",Modality,,"Transitive closure of CID 33 Modality","StructureDefinition/imagingstudy-lt,StructureDefinition/document-reference-lt","DICOM"
http://hl7.org/fhir/ValueSet/administrative-gender,5.0.0,active,"2.16.840.1.113883.4.642.3.1",AdministrativeGender,AdministrativeGender,"The gender of a person used for administrative purposes.","StructureDefinition/related-person-lt,StructureDefinition/family-member-history-lt,StructureDefinition/patient-lt,StructureDefinition/practitioner-lt","hl7.fhir.r5.core"
http://hl7.org/fhir/ValueSet/all-languages,5.0.0,active,"2.16.840.1.113883.4.642.3.21",AllLanguages,All Languages,"This value set includes all possible codes from BCP-47 (see http://tools.ietf.org/html/bcp47)","StructureDefinition/imagingstudy-lt,StructureDefinition/observation-lt,StructureDefinition/related-person-lt,StructureDefinition/family-member-history-lt,StructureDefinition/patient-lt,StructureDefinition/healthcare-service-lt,StructureDefinition/practitioner-lt,StructureDefinition/service-request-lt,StructureDefinition/composition-lt,StructureDefinition/diagnostic-report-lt,StructureDefinition/episode-of-care-lt,StructureDefinition/goal-lt,StructureDefinition/care-plan-lt,StructureDefinition/practitioner-role-lt,StructureDefinition/procedure-lt,StructureDefinition/document-reference-lt,StructureDefinition/encounter-lt,StructureDefinition/appointment-lt,StructureDefinition/condition-lt,StructureDefinition/care-team-lt,StructureDefinition/organization-lt,StructureDefinition/location-lt","hl7.terminology.r5"
http://hl7.org/fhir/ValueSet/appointment-cancellation-reason,5.0.0,draft,"2.16.840.1.113883.4.642.3.1381",AppointmentCancellationReason,Appointment Cancellation Reason,"This example value set defines a set of reasons for the cancellation of an appointment.","StructureDefinition/appointment-lt","THO"
http://hl7.org/fhir/ValueSet/appointment-recurrrence-type,5.0.0,draft,"2.16.840.1.113883.4.642.3.2995",AppointmentRecurrenceType,Appointment Recurrence Type,"The recurrence type of a recurring appointment.","StructureDefinition/appointment-lt","UCUM"
http://hl7.org/fhir/ValueSet/appointmentstatus,5.0.0,draft,"2.16.840.1.113883.4.642.3.477,2.16.840.1.113883.4.642.2.284,2.16.840.1.113883.4.642.3.484",AppointmentStatus,Appointment Status,"The free/busy status of an appointment.","StructureDefinition/appointment-lt","hl7.fhir.r5.core"
http://hl7.org/fhir/ValueSet/body-site,5.0.0,draft,"2.16.840.1.113883.4.642.3.653,2.16.840.1.113883.4.642.2.78,2.16.840.1.113883.4.642.3.141",SNOMEDCTBodyStructures,SNOMED CT Body Structures,"This value set includes all codes from [SNOMED CT](http://snomed.info/sct) where concept is-a 442083009 (Anatomical or acquired body site (body structure)).","StructureDefinition/imagingstudy-lt,StructureDefinition/observation-lt,StructureDefinition/document-reference-lt,StructureDefinition/condition-lt,StructureDefinition/service-request-lt,StructureDefinition/procedure-lt","SCT"
http://hl7.org/fhir/ValueSet/c80-facilitycodes,5.0.0,active,"2.16.840.1.113883.3.88.12.80.67,2.16.840.1.113883.4.642.2.131",FacilityTypeCodeValueSet,Facility Type Code Value Set,"This is the code representing the type of organizational setting where the clinical encounter,    service, interaction, or treatment occurred. The value set used for Healthcare Facility    Type has been defined by HITSP to be the value set reproduced from HITSP C80 Table 2-147.","StructureDefinition/document-reference-lt","SCT"
http://hl7.org/fhir/ValueSet/c80-practice-codes,5.0.0,active,"2.16.840.1.113883.4.642.2.134,2.16.840.1.113883.3.88.12.80.72",PracticeSettingCodeValueSet,Practice Setting Code Value Set,"This is the code representing the clinical specialty of the clinician or provider who    interacted with, treated, or provided a service to/for the patient. The value set used    for clinical specialty has been limited by HITSP to the value set reproduced from HITSP    C80 Table 2-149 Clinical Specialty Value Set Definition.","StructureDefinition/document-reference-lt,StructureDefinition/healthcare-service-lt,StructureDefinition/appointment-lt,StructureDefinition/practitioner-role-lt","SCT"
http://hl7.org/fhir/ValueSet/care-plan-activity-performed,5.0.0,draft,"2.16.840.1.113883.4.642.3.3000",CarePlanActivityPerformed,Care Plan Activity Performed,"Example codes indicating the care plan activity that was performed. Note that these are in no way complete and might not even be appropriate for some uses.","StructureDefinition/care-plan-lt","SCT"
http://hl7.org/fhir/ValueSet/care-plan-category,5.0.0,draft,"2.16.840.1.113883.4.642.3.136,2.16.840.1.113883.4.642.2.67,2.16.840.1.113883.4.642.3.148",CarePlanCategory,Care Plan Category,"Example codes indicating the category a care plan falls within.  Note that these are in no way complete and might not even be appropriate for some uses.","StructureDefinition/care-plan-lt","SCT"
http://hl7.org/fhir/ValueSet/care-plan-intent,5.0.0,draft,"2.16.840.1.113883.4.642.3.150,2.16.840.1.113883.4.642.3.141",CarePlanIntent,Care Plan Intent,"Codes indicating the degree of authority/intentionality associated with a care plan.","StructureDefinition/care-plan-lt","hl7.fhir.r5.core"
http://hl7.org/fhir/ValueSet/care-team-category,5.0.0,draft,"2.16.840.1.113883.4.642.3.146,2.16.840.1.113883.4.642.3.155",CareTeamCategory,Care Team category,"Indicates the type of care team.","StructureDefinition/care-team-lt","LOINC"
http://hl7.org/fhir/ValueSet/care-team-status,5.0.0,draft,"2.16.840.1.113883.4.642.3.144,2.16.840.1.113883.4.642.3.153",CareTeamStatus,Care Team Status,"Indicates the status of the care team.","StructureDefinition/care-team-lt","hl7.fhir.r5.core"
http://hl7.org/fhir/ValueSet/clinical-findings,5.0.0,draft,"2.16.840.1.113883.4.642.3.232,2.16.840.1.113883.4.642.3.227,2.16.840.1.113883.4.642.2.115",SNOMEDCTClinicalFindings,SNOMED CT Clinical Findings,"This value set includes all the ""Clinical finding"" [SNOMED CT](http://snomed.info/sct) codes - concepts where concept is-a 404684003 (Clinical finding (finding)).","StructureDefinition/family-member-history-lt,StructureDefinition/condition-lt,StructureDefinition/care-team-lt,StructureDefinition/diagnostic-report-lt,StructureDefinition/goal-lt,StructureDefinition/care-plan-lt","SCT"
http://hl7.org/fhir/ValueSet/composition-attestation-mode,5.0.0,draft,"2.16.840.1.113883.4.642.3.233,2.16.840.1.113883.4.642.3.238,2.16.840.1.113883.4.642.2.120",CompositionAttestationMode,Composition Attestation Mode,"The way in which a person authenticated a composition.","StructureDefinition/document-reference-lt,StructureDefinition/composition-lt","hl7.fhir.r5.core"
http://hl7.org/fhir/ValueSet/composition-status,5.0.0,draft,"2.16.840.1.113883.4.642.2.123,2.16.840.1.113883.4.642.3.236,2.16.840.1.113883.4.642.3.241",CompositionStatus,Composition Status,"The workflow/clinical status of the composition.","StructureDefinition/document-reference-lt,StructureDefinition/composition-lt","hl7.fhir.r5.core"
http://hl7.org/fhir/ValueSet/condition-category,5.0.0,draft,"2.16.840.1.113883.4.642.3.153,2.16.840.1.113883.4.642.3.162,2.16.840.1.113883.4.642.2.73",ConditionCategoryCodes,Condition Category Codes,"Preferred value set for Condition Categories.","StructureDefinition/condition-lt","THO"
http://hl7.org/fhir/ValueSet/condition-clinical,5.0.0,draft,"2.16.840.1.113883.4.642.3.155,2.16.840.1.113883.4.642.3.164,2.16.840.1.113883.4.642.2.74",ConditionClinicalStatusCodes,Condition Clinical Status Codes,"Preferred value set for Condition Clinical Status.","StructureDefinition/condition-lt","THO"
http://hl7.org/fhir/ValueSet/condition-code,5.0.0,draft,"2.16.840.1.113883.4.642.3.161,2.16.840.1.113883.4.642.2.72,2.16.840.1.113883.4.642.3.152",ConditionProblemDiagnosisCodes,Condition/Problem/Diagnosis Codes,"Example value set for Condition/Problem/Diagnosis codes.","StructureDefinition/family-member-history-lt,StructureDefinition/encounter-lt,StructureDefinition/condition-lt,StructureDefinition/episode-of-care-lt,StructureDefinition/procedure-lt","SCT"
http://hl7.org/fhir/ValueSet/condition-outcome,5.0.0,draft,"2.16.840.1.113883.4.642.2.149,2.16.840.1.113883.4.642.3.881,2.16.840.1.113883.4.642.3.967",ConditionOutcomeCodes,Condition Outcome Codes,"Example value set for condition outcomes.","StructureDefinition/family-member-history-lt","SCT"
http://hl7.org/fhir/ValueSet/condition-severity,5.0.0,draft,"2.16.840.1.113883.4.642.3.168,2.16.840.1.113883.4.642.2.76,2.16.840.1.113883.4.642.3.159",ConditionDiagnosisSeverity,Condition/Diagnosis Severity,"Preferred value set for Condition/Diagnosis severity grading.","StructureDefinition/condition-lt","SCT"
http://hl7.org/fhir/ValueSet/condition-stage,5.0.0,draft,"2.16.840.1.113883.4.642.3.161,2.16.840.1.113883.4.642.3.170,2.16.840.1.113883.4.642.2.408",ConditionStage,Condition Stage,"Value set for stages of cancer and other conditions.","StructureDefinition/condition-lt","SCT"
http://hl7.org/fhir/ValueSet/condition-stage-type,5.0.0,draft,"2.16.840.1.113883.4.642.3.171",ConditionStageType,Condition Stage Type,"Example value set for the type of stages of cancer and other conditions","StructureDefinition/condition-lt","SCT"
http://hl7.org/fhir/ValueSet/condition-ver-status,5.0.0,draft,"2.16.840.1.113883.4.642.3.157,2.16.840.1.113883.4.642.2.75,2.16.840.1.113883.4.642.3.166",ConditionVerificationStatus,Condition Verification Status,"The verification status to support or decline the clinical status of the condition or diagnosis.","StructureDefinition/condition-lt","THO"
http://hl7.org/fhir/ValueSet/contact-point-system,5.0.0,active,"2.16.840.1.113883.4.642.3.71",ContactPointSystem,ContactPointSystem,"Telecommunications form for contact point.","StructureDefinition/patient-lt,StructureDefinition/practitioner-lt,StructureDefinition/organization-lt","hl7.fhir.r5.core"
http://hl7.org/fhir/ValueSet/contact-point-use,5.0.0,active,"2.16.840.1.113883.4.642.3.73",ContactPointUse,ContactPointUse,"Use of contact point.","StructureDefinition/patient-lt,StructureDefinition/practitioner-lt,StructureDefinition/organization-lt","hl7.fhir.r5.core"
http://hl7.org/fhir/ValueSet/data-absent-reason,5.0.0,active,"2.16.840.1.113883.4.642.3.5",DataAbsentReason,Data Absent Reason,"Used to specify why the normally expected content of the data element is missing.","StructureDefinition/observation-lt","THO"
http://hl7.org/fhir/ValueSet/days-of-week,5.0.0,active,"2.16.840.1.113883.4.642.3.512,2.16.840.1.113883.4.642.2.302,2.16.840.1.113883.4.642.3.506",DaysOfWeek,Days Of Week,"The days of the week.","StructureDefinition/appointment-lt","hl7.fhir.r5.core"
http://hl7.org/fhir/ValueSet/device-action,5.0.0,draft,"2.16.840.1.113883.4.642.3.425,2.16.840.1.113883.4.642.2.236,2.16.840.1.113883.4.642.3.416",ProcedureDeviceActionCodes,Procedure Device Action Codes,"Example codes indicating the change that happened to the device during the procedure.  Note that these are in no way complete and might not even be appropriate for some uses.","StructureDefinition/procedure-lt","SCT"
http://hl7.org/fhir/ValueSet/device-type,5.0.0,draft,"2.16.840.1.113883.4.642.3.1376",DeviceType,Device Type,"Codes used to identify medical devices. Includes concepts from SNOMED CT (http://www.snomed.org/) where concept is-a 49062001 (Device)  and is provided as a suggestive example.","StructureDefinition/procedure-lt","SCT,hl7.terminology.r5,Other"
http://hl7.org/fhir/ValueSet/diagnostic-report-status,5.0.0,draft,"2.16.840.1.113883.4.642.3.235,2.16.840.1.113883.4.642.2.118,2.16.840.1.113883.4.642.3.230",DiagnosticReportStatus,Diagnostic Report Status,"The status of the diagnostic report.","StructureDefinition/diagnostic-report-lt","hl7.fhir.r5.core"
http://hl7.org/fhir/ValueSet/doc-section-codes,5.0.0,draft,"2.16.840.1.113883.4.642.3.232,2.16.840.1.113883.4.642.2.119,2.16.840.1.113883.4.642.3.237",DocumentSectionCodes,Document Section Codes,"Document section codes (LOINC codes used in CCDA sections).","StructureDefinition/composition-lt","LOINC"
http://hl7.org/fhir/ValueSet/doc-typecodes,5.0.0,draft,"2.16.840.1.113883.4.642.3.235,2.16.840.1.113883.4.642.2.121,2.16.840.1.113883.4.642.3.240",FHIRDocumentTypeCodes,FHIR Document Type Codes,"FHIR Document Codes - all LOINC codes where scale type = 'DOC'.","StructureDefinition/document-reference-lt,StructureDefinition/composition-lt","LOINC"
http://hl7.org/fhir/ValueSet/document-reference-status,5.0.0,draft,"2.16.840.1.113883.4.642.3.7",DocumentReferenceStatus,DocumentReferenceStatus,"The status of the document reference.","StructureDefinition/document-reference-lt","hl7.fhir.r5.core"
http://hl7.org/fhir/ValueSet/document-relationship-type,5.0.0,draft,"2.16.840.1.113883.4.642.3.244,2.16.840.1.113883.4.642.3.239,2.16.840.1.113883.4.642.2.133",DocumentRelationshipType,Document Relationship Type,"The type of relationship between documents.","StructureDefinition/document-reference-lt","hl7.fhir.r5.core"
http://hl7.org/fhir/ValueSet/encounter-admit-source,5.0.0,draft,"2.16.840.1.113883.4.642.3.257,2.16.840.1.113883.4.642.2.144,2.16.840.1.113883.4.642.3.252",AdmitSource,Admit Source,"This value set defines a set of codes that can be used to indicate from where the patient came in.","StructureDefinition/encounter-lt","THO"
http://hl7.org/fhir/ValueSet/encounter-diagnosis-use,5.0.0,draft,"2.16.840.1.113883.4.642.4.3321",EncounterDiagnosisUse,Encounter Diagnosis Use,"What a specific Encounter/EpisodeOfCare `diagnosis.condition` is to be used for.","StructureDefinition/encounter-lt,StructureDefinition/episode-of-care-lt","hl7.fhir.r5.core"
http://hl7.org/fhir/ValueSet/encounter-diet,5.0.0,draft,"2.16.840.1.113883.4.642.3.255,2.16.840.1.113883.4.642.2.142,2.16.840.1.113883.4.642.3.250",EncounterDiet,Diet,"This value set defines a set of codes that can be used to indicate dietary preferences or restrictions a patient may have.","StructureDefinition/encounter-lt","THO"
http://hl7.org/fhir/ValueSet/encounter-discharge-disposition,5.0.0,draft,"2.16.840.1.113883.4.642.3.254,2.16.840.1.113883.4.642.2.145,2.16.840.1.113883.4.642.3.259",DischargeDisposition,Discharge Disposition,"This value set defines a set of codes that can be used to where the patient left the hospital.","StructureDefinition/encounter-lt","THO"
http://hl7.org/fhir/ValueSet/encounter-location-status,5.0.0,draft,"2.16.840.1.113883.4.642.3.257,2.16.840.1.113883.4.642.2.147,2.16.840.1.113883.4.642.3.262",EncounterLocationStatus,Encounter Location Status,"The status of the location.","StructureDefinition/encounter-lt","hl7.fhir.r5.core"
http://hl7.org/fhir/ValueSet/encounter-participant-type,5.0.0,draft,"2.16.840.1.113883.4.642.3.245,2.16.840.1.113883.4.642.2.139,2.16.840.1.113883.4.642.3.250",ParticipantType,Participant Type,"This value set defines a set of codes that can be used to indicate how an individual participates in an encounter.","StructureDefinition/encounter-lt,StructureDefinition/appointment-lt","THO (V3),THO"
http://hl7.org/fhir/ValueSet/encounter-reason,5.0.0,draft,"2.16.840.1.113883.4.642.3.256,2.16.840.1.113883.4.642.2.146,2.16.840.1.113883.4.642.3.261",EncounterReasonCodes,Encounter Reason Codes,"This examples value set defines the set of codes that can be used to indicate reasons for an encounter.","StructureDefinition/encounter-lt,StructureDefinition/appointment-lt,StructureDefinition/episode-of-care-lt","SCT"
http://hl7.org/fhir/ValueSet/encounter-reason-use,5.0.0,draft,"2.16.840.1.113883.4.642.4.3320",EncounterReasonUse,Encounter Reason Use,"What a specific Encounter/EpisodeOfCare `reason.value` is to be used for.","StructureDefinition/encounter-lt,StructureDefinition/episode-of-care-lt","hl7.fhir.r5.core"
http://hl7.org/fhir/ValueSet/encounter-special-arrangements,5.0.0,draft,"2.16.840.1.113883.4.642.3.248,2.16.840.1.113883.4.642.2.141,2.16.840.1.113883.4.642.3.253",SpecialArrangements,Special Arrangements,"This value set defines a set of codes that can be used to indicate the kinds of special arrangements in place for a patients visit.","StructureDefinition/encounter-lt","THO"
http://hl7.org/fhir/ValueSet/encounter-special-courtesy,5.0.0,draft,"2.16.840.1.113883.4.642.3.247,2.16.840.1.113883.4.642.3.252,2.16.840.1.113883.4.642.2.140",SpecialCourtesy,Special Courtesy,"This value set defines a set of codes that can be used to indicate special courtesies provided to the patient.","StructureDefinition/encounter-lt","THO (V3)"
http://hl7.org/fhir/ValueSet/encounter-status,5.0.0,draft,"2.16.840.1.113883.4.642.3.246,2.16.840.1.113883.4.642.3.241",EncounterStatus,Encounter Status,"Current state of the encounter.","StructureDefinition/encounter-lt","hl7.fhir.r5.core"
http://hl7.org/fhir/ValueSet/encounter-subject-status,5.0.0,draft,"2.16.840.1.113883.4.642.3.3159",EncounterSubjectStatus,Encounter Subject Status,"This example value set defines a set of codes that can be used to indicate the status of the subject within the encounter","StructureDefinition/encounter-lt","THO"
http://hl7.org/fhir/ValueSet/encounter-type,5.0.0,draft,"2.16.840.1.113883.4.642.3.243,2.16.840.1.113883.4.642.3.248,2.16.840.1.113883.4.642.2.137",EncounterType,Encounter Type,"This example value set defines a set of codes that can be used to indicate the type of encounter: a specific code indicating type of service provided.","StructureDefinition/encounter-lt","THO"
http://hl7.org/fhir/ValueSet/episode-of-care-status,5.0.0,draft,"2.16.840.1.113883.4.642.3.664,2.16.840.1.113883.4.642.2.346,2.16.840.1.113883.4.642.3.648",EpisodeOfCareStatus,Episode Of Care Status,"The status of the episode of care.","StructureDefinition/episode-of-care-lt","hl7.fhir.r5.core"
http://hl7.org/fhir/ValueSet/episodeofcare-type,5.0.0,draft,"2.16.840.1.113883.4.642.3.650,2.16.840.1.113883.4.642.3.666",EpisodeOfCareType,Episode Of Care Type,"This example value set defines a set of codes that can be used to express the usage type of an EpisodeOfCare record.","StructureDefinition/episode-of-care-lt","THO"
http://hl7.org/fhir/ValueSet/event-status,5.0.0,draft,"2.16.840.1.113883.4.642.3.109",EventStatus,EventStatus,"Codes identifying the lifecycle stage of an event.","StructureDefinition/procedure-lt","hl7.fhir.r5.core"
http://hl7.org/fhir/ValueSet/goal-achievement,5.0.0,draft,"2.16.840.1.113883.4.642.3.1374",GoalAchievementStatus,Goal Achievement Status,"Describes the progression, or lack thereof, towards the goal against the target.","StructureDefinition/goal-lt","THO"
http://hl7.org/fhir/ValueSet/goal-category,5.0.0,draft,"2.16.840.1.113883.4.642.2.411,2.16.840.1.113883.4.642.3.270,2.16.840.1.113883.4.642.3.275",GoalCategory,Goal Category,"Example codes for grouping goals to use for filtering or presentation.","StructureDefinition/goal-lt","THO"
http://hl7.org/fhir/ValueSet/goal-priority,5.0.0,draft,"2.16.840.1.113883.4.642.3.268,2.16.840.1.113883.4.642.3.273,2.16.840.1.113883.4.642.2.151",GoalPriority,Goal Priority,"Indicates the level of importance associated with reaching or sustaining a goal.","StructureDefinition/goal-lt","THO"
http://hl7.org/fhir/ValueSet/goal-start-event,5.0.0,draft,"2.16.840.1.113883.4.642.2.413,2.16.840.1.113883.4.642.3.279,2.16.840.1.113883.4.642.3.274",GoalStartEvent,Goal Start Event,"Identifies types of events that might trigger the start of a goal.","StructureDefinition/goal-lt","SCT"
http://hl7.org/fhir/ValueSet/goal-status,5.0.0,draft,"2.16.840.1.113883.4.642.3.266,2.16.840.1.113883.4.642.3.271,2.16.840.1.113883.4.642.2.150",GoalLifecycleStatus,Goal Lifecycle Status,"Codes that reflect the current state of a goal and whether the goal is still being targeted.","StructureDefinition/goal-lt","hl7.fhir.r5.core"
http://hl7.org/fhir/ValueSet/history-absent-reason,5.0.0,draft,"2.16.840.1.113883.4.642.3.269",FamilyHistoryAbsentReason,Family History Absent Reason,"Codes describing the reason why a family member's history is not available.","StructureDefinition/family-member-history-lt","THO"
http://hl7.org/fhir/ValueSet/history-status,5.0.0,draft,"2.16.840.1.113883.4.642.3.267,2.16.840.1.113883.4.642.3.262,2.16.840.1.113883.4.642.2.409",FamilyHistoryStatus,Family History Status,"A code that identifies the status of the family history record.","StructureDefinition/family-member-history-lt","hl7.fhir.r5.core"
http://hl7.org/fhir/ValueSet/identifier-type,5.0.0,active,"2.16.840.1.113883.4.642.3.45",IdentifierTypeCodes,Identifier Type Codes,"A coded type for an identifier that can be used to determine which identifier to use for a specific purpose.","StructureDefinition/patient-lt,StructureDefinition/practitioner-lt,StructureDefinition/organization-lt","THO (V2)"
http://hl7.org/fhir/ValueSet/identifier-use,5.0.0,active,"2.16.840.1.113883.4.642.3.57",IdentifierUse,IdentifierUse,"Identifies the purpose for this identifier, if known .","StructureDefinition/patient-lt,StructureDefinition/practitioner-lt,StructureDefinition/organization-lt","hl7.fhir.r5.core"
http://hl7.org/fhir/ValueSet/imagingstudy-status,5.0.0,draft,"2.16.840.1.113883.4.642.3.990",ImagingStudyStatus,Imaging Study Status,"The status of the ImagingStudy.","StructureDefinition/imagingstudy-lt","hl7.fhir.r5.core"
http://hl7.org/fhir/ValueSet/languages,5.0.0,active,"2.16.840.1.113883.4.642.3.891,2.16.840.1.113883.4.642.3.20",CommonLanguages,Common Languages,"This value set includes common codes from BCP-47 (see http://tools.ietf.org/html/bcp47)","StructureDefinition/imagingstudy-lt,StructureDefinition/observation-lt,StructureDefinition/related-person-lt,StructureDefinition/family-member-history-lt,StructureDefinition/patient-lt,StructureDefinition/healthcare-service-lt,StructureDefinition/practitioner-lt,StructureDefinition/service-request-lt,StructureDefinition/composition-lt,StructureDefinition/diagnostic-report-lt,StructureDefinition/episode-of-care-lt,StructureDefinition/goal-lt,StructureDefinition/care-plan-lt,StructureDefinition/practitioner-role-lt,StructureDefinition/procedure-lt,StructureDefinition/document-reference-lt,StructureDefinition/encounter-lt,StructureDefinition/appointment-lt,StructureDefinition/condition-lt,StructureDefinition/care-team-lt,StructureDefinition/organization-lt,StructureDefinition/location-lt","hl7.terminology.r5"
http://hl7.org/fhir/ValueSet/link-type,5.0.0,active,"2.16.840.1.113883.4.642.2.234,2.16.840.1.113883.4.642.3.423,2.16.840.1.113883.4.642.3.412",LinkType,Link Type,"The type of link between this Patient resource and another Patient/RelatedPerson resource.","StructureDefinition/patient-lt","hl7.fhir.r5.core"
http://hl7.org/fhir/ValueSet/list-empty-reason,5.0.0,draft,"2.16.840.1.113883.4.642.3.322,2.16.840.1.113883.4.642.3.313,2.16.840.1.113883.4.642.2.176",ListEmptyReasons,List Empty Reasons,"General reasons for a list to be empty. Reasons are either related to a summary list (i.e. problem or medication list) or to a workflow related list (i.e. consultation list).","StructureDefinition/composition-lt","THO"
http://hl7.org/fhir/ValueSet/list-order,5.0.0,draft,"2.16.840.1.113883.4.642.3.315,2.16.840.1.113883.4.642.3.324,2.16.840.1.113883.4.642.2.177",ListOrderCodes,List Order Codes,"Base values for the order of the items in a list resource.","StructureDefinition/composition-lt","THO"
http://hl7.org/fhir/ValueSet/location-characteristic,5.0.0,draft,"2.16.840.1.113883.4.642.3.3079",LocationCharacteristic,Location Characteristic,"Example Set of Location Characteristics","StructureDefinition/location-lt","hl7.fhir.r5.core"
http://hl7.org/fhir/ValueSet/location-form,5.0.0,draft,"2.16.840.1.113883.4.642.3.328",LocationForm,Location Form,"This example value set defines a set of codes that can be used to indicate the physical form of the Location.","StructureDefinition/encounter-lt,StructureDefinition/location-lt","THO"
http://hl7.org/fhir/ValueSet/location-mode,5.0.0,draft,"2.16.840.1.113883.4.642.3.321,2.16.840.1.113883.4.642.2.181,2.16.840.1.113883.4.642.3.330",LocationMode,Location Mode,"Indicates whether a resource instance represents a specific location or a class of locations.","StructureDefinition/location-lt","hl7.fhir.r5.core"
http://hl7.org/fhir/ValueSet/location-status,5.0.0,draft,"2.16.840.1.113883.4.642.3.323,2.16.840.1.113883.4.642.3.332,2.16.840.1.113883.4.642.2.182",LocationStatus,Location Status,"Indicates whether the location is still in use.","StructureDefinition/location-lt","hl7.fhir.r5.core"
http://hl7.org/fhir/ValueSet/marital-status,5.0.0,active,"2.16.840.1.113883.4.642.3.29",MaritalStatusCodes,Marital Status Codes,"This value set defines the set of codes that can be used to indicate the marital status of a person.","StructureDefinition/patient-lt","THO (V3)"
http://hl7.org/fhir/ValueSet/medication-as-needed-reason,5.0.0,draft,"2.16.840.1.113883.4.642.3.89,2.16.840.1.113883.4.642.3.96",SNOMEDCTMedicationAsNeededReasonCodes,SNOMED CT Medication As Needed Reason Codes,"This value set includes all clinical findings from SNOMED CT - provided as an exemplar value set.","StructureDefinition/service-request-lt","SCT"
http://hl7.org/fhir/ValueSet/name-use,5.0.0,active,"2.16.840.1.113883.4.642.3.65",NameUse,NameUse,"The use of a human name.","StructureDefinition/patient-lt,StructureDefinition/practitioner-lt","hl7.fhir.r5.core"
http://hl7.org/fhir/ValueSet/observation-category,5.0.0,draft,"2.16.840.1.113883.4.642.3.403,2.16.840.1.113883.4.642.2.222,2.16.840.1.113883.4.642.3.392",ObservationCategoryCodes,Observation Category Codes,"Observation Category codes.","StructureDefinition/observation-lt","THO"
http://hl7.org/fhir/ValueSet/observation-codes,5.0.0,draft,"2.16.840.1.113883.4.642.2.216,2.16.840.1.113883.4.642.3.396,2.16.840.1.113883.4.642.3.383",LOINCCodes,LOINC Codes,"This value set includes all LOINC codes","StructureDefinition/observation-lt,StructureDefinition/goal-lt","LOINC"
http://hl7.org/fhir/ValueSet/observation-interpretation,5.0.0,active,"2.16.840.1.113883.4.642.3.399,2.16.840.1.113883.4.642.3.386,2.16.840.1.113883.4.642.2.218",ObservationInterpretationCodes,Observation Interpretation Codes,"A categorical assessment, providing a rough qualitative interpretation of the observation value,    such as “normal”/ “abnormal”,”low” / “high”, “better” / “worse”, “susceptible” / “resistant”, “expected”/ “not expected”.    The value set is intended to be for ANY use where coded representation of an interpretation is needed.             Notes:          This is being communicated in v2.x in OBX-8 (Observation Interpretation), in v3 in ObservationInterpretation (CWE) in R1 (Representative Realm) and in FHIR in    Observation.interpretation. Historically these values come from the laboratory domain, and these codes are extensively    used. The value set binding is extensible, so codes outside the value set that are needed for interpretation concepts    (i.e. particular meanings) that are not included in the value set can be used, and these new codes may also be added to    the value set and published in a future version.","StructureDefinition/observation-lt","THO (V3)"
http://hl7.org/fhir/ValueSet/observation-methods,5.0.0,draft,"2.16.840.1.113883.4.642.2.215,2.16.840.1.113883.4.642.3.395,2.16.840.1.113883.4.642.3.382",ObservationMethods,Observation Methods,"Observation Method codes from [SNOMED CT](http://snomed.info/sct) where concept is-a 272394005 (Technique (qualifier value)) or is-a 129264002 (Action (qualifier value)) or is-a 386053000 (Evaluation procedure(procedure))","StructureDefinition/observation-lt","SCT"
http://hl7.org/fhir/ValueSet/observation-referencerange-normalvalue,5.0.0,draft,"2.16.840.1.113883.4.642.3.3264",ObservationReferenceRangeNormalValueCodes,Observation Reference Range Normal Value Codes,"Codes that describe the normal value in the reference range, such as “Negative” or “Absent”","StructureDefinition/observation-lt","hl7.fhir.r5.core"
http://hl7.org/fhir/ValueSet/observation-status,5.0.0,active,"2.16.840.1.113883.4.642.3.400,2.16.840.1.113883.4.642.3.387,2.16.840.1.113883.4.642.2.219",ObservationStatus,Observation Status,"Codes providing the status of an observation.","StructureDefinition/observation-lt","hl7.fhir.r5.core"
http://hl7.org/fhir/ValueSet/observation-triggeredbytype,5.0.0,active,"2.16.840.1.113883.4.642.3.3265",TriggeredBytype,triggered Bytype,"Codes providing the type of triggeredBy observation.","StructureDefinition/observation-lt","hl7.fhir.r5.core"
http://hl7.org/fhir/ValueSet/organization-type,5.0.0,draft,"2.16.840.1.113883.4.642.2.228,2.16.840.1.113883.4.642.3.414,2.16.840.1.113883.4.642.3.403",OrganizationType,Organization Type,"This example value set defines a set of codes that can be used to indicate a type of organization.","StructureDefinition/organization-lt","THO"
http://hl7.org/fhir/ValueSet/participant-role,5.0.0,draft,"2.16.840.1.113883.4.642.2.61,2.16.840.1.113883.4.642.3.143,2.16.840.1.113883.4.642.3.152",ParticipantRoles,Participant Roles,"Roles of participants that may be included in a care team.  Defined as: Healthcare professional (occupation) or Services (qualifier value).","StructureDefinition/service-request-lt,StructureDefinition/care-team-lt","SCT"
http://hl7.org/fhir/ValueSet/participation-role-type,5.0.0,draft,"2.16.840.1.113883.4.642.3.54",ParticipationRoleType,Participation Role Type,"This FHIR value set is comprised of Actor participation Type codes, which can be used to value FHIR agents, actors, and other role elements. The codes are intended to express how the agent participated in some activity. Sometimes refered to the agent functional-role relative to the activity.","StructureDefinition/family-member-history-lt,StructureDefinition/condition-lt","THO,DICOM"
http://hl7.org/fhir/ValueSet/participationstatus,5.0.0,draft,"2.16.840.1.113883.4.642.3.486,2.16.840.1.113883.4.642.3.479,2.16.840.1.113883.4.642.2.285",ParticipationStatus,Participation Status,"The Participation status of an appointment.","StructureDefinition/appointment-lt","hl7.fhir.r5.core"
http://hl7.org/fhir/ValueSet/patient-contactrelationship,5.0.0,active,"2.16.840.1.113883.4.642.3.1130",PatientContactRelationship,Patient Contact Relationship ,"The nature of the relationship between the patient and the contact person.","StructureDefinition/patient-lt","THO (V2)"
http://hl7.org/fhir/ValueSet/performer-role,5.0.0,draft,"2.16.840.1.113883.4.642.3.433,2.16.840.1.113883.4.642.2.420,2.16.840.1.113883.4.642.3.424",ProcedurePerformerRoleCodes,Procedure Performer Role Codes,"This example value set defines the set of codes that can be used to indicate a role of a procedure performer.","StructureDefinition/procedure-lt","SCT"
http://hl7.org/fhir/ValueSet/practitioner-role,5.0.0,draft,"2.16.840.1.113883.4.642.3.430,2.16.840.1.113883.4.642.2.251,2.16.840.1.113883.4.642.3.439",PractitionerRole,Practitioner Role,"This example value set defines a set of codes that can be used to indicate the role of a Practitioner.","StructureDefinition/practitioner-role-lt","SCT,THO"
http://hl7.org/fhir/ValueSet/procedure-category,5.0.0,draft,"2.16.840.1.113883.4.642.3.421,2.16.840.1.113883.4.642.3.430,2.16.840.1.113883.4.642.2.241",ProcedureCategoryCodesSNOMEDCT,Procedure Category Codes (SNOMED CT),"Procedure Category code: A selection of relevant SNOMED CT codes.","StructureDefinition/procedure-lt","SCT"
http://hl7.org/fhir/ValueSet/procedure-code,5.0.0,draft,"2.16.840.1.113883.4.642.3.418,2.16.840.1.113883.4.642.3.427,2.16.840.1.113883.4.642.2.417",ProcedureCodesSNOMEDCT,Procedure Codes (SNOMED CT),"Procedure Code: All SNOMED CT procedure codes.","StructureDefinition/family-member-history-lt,StructureDefinition/service-request-lt,StructureDefinition/procedure-lt","SCT"
http://hl7.org/fhir/ValueSet/procedure-followup,5.0.0,draft,"2.16.840.1.113883.4.642.3.420,2.16.840.1.113883.4.642.3.429,2.16.840.1.113883.4.642.2.240",ProcedureFollowUpCodesSNOMEDCT,Procedure Follow up Codes (SNOMED CT),"Procedure follow up codes: A selection of SNOMED CT codes relevant to procedure follow up.","StructureDefinition/procedure-lt","SCT"
http://hl7.org/fhir/ValueSet/procedure-not-performed-reason,5.0.0,active,"2.16.840.1.113883.4.642.3.422,2.16.840.1.113883.4.642.3.431,2.16.840.1.113883.4.642.2.418",ProcedureNotPerformedReasonSNOMEDCT,Procedure Not Performed Reason (SNOMED-CT),"Situation codes describing the reason that a procedure, which might otherwise be expected, was not performed, or a procedure that was started and was not completed. Consists of SNOMED CT codes, children of procedure contraindicated (183932001), procedure discontinued (416406003), procedure not done (416237000), procedure not indicated (428119001), procedure not offered (416064006), procedure not wanted (416432009), procedure refused (183944003), and procedure stopped (394908001) as well as 410536001 Contraindicated (qualifier value).","StructureDefinition/procedure-lt","SCT"
http://hl7.org/fhir/ValueSet/procedure-outcome,5.0.0,draft,"2.16.840.1.113883.4.642.2.239,2.16.840.1.113883.4.642.3.419,2.16.840.1.113883.4.642.3.428",ProcedureOutcomeCodesSNOMEDCT,Procedure Outcome Codes (SNOMED CT),"Procedure Outcome code: A selection of relevant SNOMED CT codes.","StructureDefinition/procedure-lt","SCT"
http://hl7.org/fhir/ValueSet/procedure-reason,5.0.0,draft,"2.16.840.1.113883.4.642.3.432,2.16.840.1.113883.4.642.3.423,2.16.840.1.113883.4.642.2.419",ProcedureReasonCodes,Procedure Reason Codes,"This example value set defines the set of codes that can be used to indicate a reason for a procedure.","StructureDefinition/imagingstudy-lt,StructureDefinition/service-request-lt,StructureDefinition/procedure-lt","SCT"
http://hl7.org/fhir/ValueSet/program,5.0.0,draft,"2.16.840.1.113883.4.642.3.1383",Program,Program,"This value set defines an example set of codes that could be can be used to classify groupings of service-types/specialties.","StructureDefinition/healthcare-service-lt","THO"
http://hl7.org/fhir/ValueSet/referenced-item-category,5.0.0,active,"2.16.840.1.113883.4.642.3.3275",ReferencedItemCategoryValueSet,Referenced Item Category Value Set,"This is the code specifying the high-level kind of document (e.g. Prescription, Discharge Summary, Report, etc.). Made up of a set of non-healthcare specific codes and all LOINC codes where scale type = 'DOC'.","StructureDefinition/document-reference-lt,StructureDefinition/composition-lt","LOINC,THO"
http://hl7.org/fhir/ValueSet/referencerange-appliesto,5.0.0,draft,"2.16.840.1.113883.4.642.3.407,2.16.840.1.113883.4.642.3.396",ObservationReferenceRangeAppliesToCodes,Observation Reference Range Applies To Codes,"This value set defines a set of codes that can be used to indicate the particular target population the reference range applies to.","StructureDefinition/observation-lt","SCT"
http://hl7.org/fhir/ValueSet/referencerange-meaning,5.0.0,draft,"2.16.840.1.113883.4.642.3.397,2.16.840.1.113883.4.642.2.217,2.16.840.1.113883.4.642.3.384",ObservationReferenceRangeMeaningCodes,Observation Reference Range Meaning Codes,"This value set defines a set of codes that can be used to indicate the meaning/use of a reference range for a particular target population.","StructureDefinition/observation-lt","THO"
http://hl7.org/fhir/ValueSet/relatedperson-relationshiptype,5.0.0,draft,"2.16.840.1.113883.4.642.2.259,2.16.840.1.113883.4.642.3.442,2.16.840.1.113883.4.642.3.449",PatientRelationshipType,Patient Relationship Type,"A set of codes that can be used to indicate the relationship between a Patient and a Related Person.","StructureDefinition/related-person-lt","THO (V3),THO (V2)"
http://hl7.org/fhir/ValueSet/request-intent,5.0.0,draft,"2.16.840.1.113883.4.642.3.113",RequestIntent,RequestIntent,"Codes indicating the degree of authority/intentionality associated with a request.","StructureDefinition/service-request-lt","hl7.fhir.r5.core"
http://hl7.org/fhir/ValueSet/request-priority,5.0.0,draft,"2.16.840.1.113883.4.642.3.115",RequestPriority,RequestPriority,"Identifies the level of importance to be assigned to actioning the request.","StructureDefinition/service-request-lt","hl7.fhir.r5.core"
http://hl7.org/fhir/ValueSet/request-status,5.0.0,draft,"2.16.840.1.113883.4.642.3.111",RequestStatus,RequestStatus,"Codes identifying the lifecycle stage of a request.","StructureDefinition/service-request-lt,StructureDefinition/care-plan-lt","hl7.fhir.r5.core"
http://hl7.org/fhir/ValueSet/security-label-examples,5.0.0,draft,"2.16.840.1.113883.4.642.3.3011",SecurityLabelExamples,Example set of Security Labels,"A sample of security labels from [Healthcare Privacy and Security Classification System](security-labels.html#hcs) as the combination of data and event codes.","StructureDefinition/document-reference-lt",
http://hl7.org/fhir/ValueSet/series-performer-function,5.0.0,draft,"2.16.840.1.113883.4.642.3.989",ImagingStudySeriesPerformerFunction,ImagingStudy series performer function,"Performer function of an agent in an imaging study series","StructureDefinition/imagingstudy-lt","THO (V3)"
http://hl7.org/fhir/ValueSet/service-category,5.0.0,draft,"2.16.840.1.113883.4.642.3.510,2.16.840.1.113883.4.642.3.516",ServiceCategory,Service Category,"This value set defines an example set of codes that can be used to classify groupings of service-types/specialties.","StructureDefinition/healthcare-service-lt,StructureDefinition/appointment-lt","THO"
http://hl7.org/fhir/ValueSet/service-mode,5.0.0,draft,"2.16.840.1.113883.4.642.4.3322",ServiceMode,Service Mode,"An example set of Service Modes that could be applicable to use to characterize HealthcareServices or PractitionerRoles while searching","StructureDefinition/healthcare-service-lt,StructureDefinition/practitioner-role-lt","hl7.fhir.r5.core"
http://hl7.org/fhir/ValueSet/service-provision-conditions,5.0.0,draft,"2.16.840.1.113883.4.642.2.303,2.16.840.1.113883.4.642.3.514,2.16.840.1.113883.4.642.3.508",ServiceProvisionConditions,Service Provision Conditions,"The code(s) that detail the conditions under which the healthcare service is available/offered.","StructureDefinition/healthcare-service-lt","THO"
http://hl7.org/fhir/ValueSet/service-referral-method,5.0.0,draft,"2.16.840.1.113883.4.642.3.510,2.16.840.1.113883.4.642.2.301,2.16.840.1.113883.4.642.3.504",ReferralMethod,Referral Method,"The methods of referral can be used when referring to a specific HealthcareService resource.","StructureDefinition/healthcare-service-lt","THO"
http://hl7.org/fhir/ValueSet/service-type,5.0.0,draft,"2.16.840.1.113883.4.642.3.512,2.16.840.1.113883.4.642.3.518",ServiceType,Service Type,"This value set defines an example set of codes of service-types.","StructureDefinition/healthcare-service-lt,StructureDefinition/encounter-lt,StructureDefinition/appointment-lt","THO"
http://hl7.org/fhir/ValueSet/servicerequest-category,5.0.0,draft,"2.16.840.1.113883.4.642.3.434",ServiceRequestCategoryCodes,Service Request Category Codes,"An example value set of SNOMED CT concepts that can classify a requested service","StructureDefinition/service-request-lt","SCT"
http://hl7.org/fhir/ValueSet/servicerequest-orderdetail-parameter-code,5.0.0,draft,,ServiceRequestOrderDetailParameterCode,Servicerequest OrderDetail Parameter Code,"The order detail parameter codes.","StructureDefinition/service-request-lt","hl7.fhir.r5.core"
http://hl7.org/fhir/ValueSet/timezones,5.0.0,draft,"2.16.840.1.113883.4.642.3.1036",IANATimezones,IANA Timezones,"An IANA timezone code for  the timezone offset per [BCP 175](https://www.iana.org/go/rfc6557). The offset is specified as part of a dateTime/instant (or using the tzOffset extension on a date if necessary). The timezone code may also be provided to allow for human display of the location associated with the offset. These are codes like 'America/New_York' or 'America/Los_Angeles'. See [IANA Timezones](https://www.iana.org/time-zones) for the official source, and [Wikipedia](https://en.wikipedia.org/wiki/List_of_tz_database_time_zones) for information","StructureDefinition/appointment-lt","hl7.terminology.r5"
http://hl7.org/fhir/ValueSet/week-of-month,5.0.0,draft,"2.16.840.1.113883.4.642.3.2994",WeekOfMonth,Week Of Month,"The set of weeks in a month.","StructureDefinition/appointment-lt","hl7.fhir.r5.core"
http://loinc.org/vs/loinc-rsna-radiology-playbook,null,active,,LOINC/RSNA Radiology Playbook,,"","StructureDefinition/imagingstudy-lt","LOINC"
http://terminology.hl7.org/ValueSet/contactentity-type,2.0.0,active,"2.16.840.1.113883.4.642.3.416",ContactEntityType,Contact entity type,"This example value set defines a set of codes that can be used to indicate the purpose for which you would contact a contact party.","StructureDefinition/organization-lt","THO"
http://terminology.hl7.org/ValueSet/encounter-class,2.0.1,active,,EncounterClass,Encounter class,"This value set defines a set of codes that can be used to indicate the class of encounter: a specific code indicating class of service provided.","StructureDefinition/encounter-lt,StructureDefinition/appointment-lt","THO (V3)"
http://terminology.hl7.org/ValueSet/v2-0074,3.0.0,active,"2.16.840.1.113883.21.32",Hl7VSDiagnosticServiceSectionId,hl7VS-diagnosticServiceSectionId,"Concepts which specify a section of a diagnostic service where the observation may be performed.","StructureDefinition/diagnostic-report-lt","THO (V2)"
http://terminology.hl7.org/ValueSet/v2-0092,3.0.0,active,"2.16.840.1.113883.21.40",Hl7VSReAdmissionIndicator,hl7VS-re-admissionIndicator,"Value Set of codes which are used to specify that a patient is being re-admitted to a healthcare facility from which they were discharged, and indicates the circumstances around such re-admission.","StructureDefinition/encounter-lt","THO (V2)"
http://terminology.hl7.org/ValueSet/v2-0116,3.0.0,active,"2.16.840.1.113883.21.51",Hl7VSBedStatus,hl7VS-bedStatus,"Value Set of codes that specify the state of a bed in an inpatient setting, and is used to determine if a patient may be assigned to it or not.","StructureDefinition/location-lt","THO (V2)"
http://terminology.hl7.org/ValueSet/v2-0276,3.0.0,active,"2.16.840.1.113883.21.181",Hl7VSAppointmentReasonCodes,hl7VS-appointmentReasonCodes,"Value Set of codes that describe the kind of appointment or the reason why an appointment has been scheduled.","StructureDefinition/appointment-lt","THO (V2)"
http://terminology.hl7.org/ValueSet/v2-0360,3.0.0,active,"2.16.840.1.113883.21.236",Hl7VSDegreeLicenseCertificate,hl7VS-degreeLicenseCertificate,"Concepts specifying an educational degree (e.g., MD).  Used in the CNN datatype (names and identifiers of clinicians) in Version 2 messaging.  Used in Version 2 messaging; note that in releases of HL7 prior to 2.3.1, was also used in person names (XPN), but this use was deprecated, then withdrawn in 2.7.","StructureDefinition/practitioner-lt","THO (V2)"
http://terminology.hl7.org/ValueSet/v2-0936,3.0.0,active,"2.16.840.1.113883.21.460",Hl7VSVSObservationType,hl7VS-VS-observationType,"Value Set of codes that specify types of observations to enable systems to distinguish between observations sent along with an order, versus observations sent as the result to an order.","StructureDefinition/diagnostic-report-lt","THO (V2)"
http://terminology.hl7.org/ValueSet/v3-ActCode,3.0.0,active,,ActCode,v3 Code System ActCode,"A code specifying the particular kind of Act that the Act-instance represents within its class.  Constraints:  The kind of Act (e.g. physical examination, serum potassium, inpatient encounter, charge financial transaction, etc.) is specified with a code from one of several, typically external, coding systems.  The coding system will depend on the class of Act, such as LOINC for observations, etc. Conceptually, the Act.code must be a specialization of the Act.classCode. This is why the structure of ActClass domain should be reflected in the superstructure of the ActCode domain and then individual codes or externally referenced vocabularies subordinated under these domains that reflect the ActClass structure. Act.classCode and Act.code are not modifiers of each other but the Act.code concept should really imply the Act.classCode concept. For a negative example, it is not appropriate to use an Act.code ""potassium"" together with and Act.classCode for ""laboratory observation"" to somehow mean ""potassium laboratory observation"" and then use the same Act.code for ""potassium"" together with Act.classCode for ""medication"" to mean ""substitution of potassium"". This mutually modifying use of Act.code and Act.classCode is not permitted.","StructureDefinition/document-reference-lt,StructureDefinition/composition-lt","THO (V3)"
http://terminology.hl7.org/ValueSet/v3-ActPriority,3.0.0,active,"2.16.840.1.113883.1.11.16866",ActPriority,ActPriority,"A code or set of codes (e.g., for routine, emergency,) specifying the urgency under which the Act happened, can happen, is happening, is intended to happen, or is requested/demanded to happen.    *Discussion:* This attribute is used in orders to indicate the ordered priority, and in event documentation it indicates the actual priority used to perform the act. In definition mood it indicates the available priorities.","StructureDefinition/encounter-lt,StructureDefinition/appointment-lt","THO (V3)"
http://terminology.hl7.org/ValueSet/v3-FamilyMember,3.0.0,active,"2.16.840.1.113883.1.11.19579",FamilyMember,FamilyMember,"A relationship between two people characterizing their ""familial"" relationship","StructureDefinition/family-member-history-lt","THO (V3)"
http://terminology.hl7.org/ValueSet/v3-HL7FormatCodes,2.1.0,active,"2.16.840.1.113883.11.19752",HL7FormatCodes,HL7 ValueSet of Format Codes for use with Document Sharing,"The HL7-FormatCodes value set is defined to be the set of FormatCode(s) defined by implementation guides published by HL7 and other SDOs. The use of a formatCode from the FormatCodes value set specifies the technical format that a document conforms to. The formatCode is a further specialization more detailed than the mime-type. The formatCode provides sufficient information to allow any potential document content consumer to know if it can process and/or display the content of the document based on the document encoding, structure and template conformance indicated by the formatCode. The set of formatCodes is intended to be extensible. The Content Logical Description is defined intentionally to permit formatCodes defined by other Standards Development Organizations to be added by inclusion of additional formatCode Code Systems.","StructureDefinition/document-reference-lt","THO (V3),Other"
http://terminology.hl7.org/ValueSet/v3-ServiceDeliveryLocationRoleType,3.0.0,active,"2.16.840.1.113883.1.11.17660",ServiceDeliveryLocationRoleType,ServiceDeliveryLocationRoleType,"A role of a place that further classifies the setting (e.g., accident site, road side, work site, community location) in which services are delivered.","StructureDefinition/service-request-lt,StructureDefinition/location-lt","THO (V3)"
https://hl7.eu/fhir/ValueSet/report-code,1.0.0,draft,,ReportCode,Report Code,"Diagnostic report codes including all subtypes of Clinical procedure report, excluding the root concept itself.","StructureDefinition/diagnostic-report-lt","SCT"
https://tx.hl7.lt/fhir/ValueSet/organization-identifier,1.0.0,draft,,OrganizationIdentifierLt,Organization Identifier,"A curated list of identifier systems for organizations.","StructureDefinition/organization-lt","Internal"
https://tx.hl7.lt/fhir/ValueSet/patient-identifier,1.0.0,draft,,PatientIdentifierLt,Patient Identifier,"A curated list of identifier systems for patients.","StructureDefinition/patient-lt","Internal"
