{
  "date" : "Mon, 27 Oct, 2025 14:29:31 +0200",
  "doco" : "For each file: start is seconds after start activity occurred. Length = milliseconds activity took",
  "files" : [
    {
      "name" : "/fsh-generated/resources/ImplementationGuide-lt.hl7.fhir.base.json",
      "size" : 10546,
      "processes" : [
        {
          "activity" : "load",
          "start" : 17,
          "length" : 31
        },
        {
          "activity" : "checkR4R4B",
          "start" : 17,
          "length" : 3
        },
        {
          "activity" : "generateNarratives",
          "start" : 17,
          "length" : 49
        },
        {
          "activity" : "validate",
          "start" : 29,
          "length" : 4300
        },
        {
          "activity" : "scanForUsageStats",
          "start" : 33,
          "length" : 1
        },
        {
          "activity" : "translate",
          "start" : 47,
          "length" : 5
        },
        {
          "activity" : "generate1",
          "start" : 47,
          "length" : 48
        },
        {
          "activity" : "generate2",
          "start" : 51,
          "length" : 68
        },
        {
          "activity" : "scanExamplesForR5",
          "start" : 84,
          "length" : 1
        }
      ]
    },
    {
      "name" : "fsh-generated/resources/CodeSystem-identifier-domain.json",
      "size" : 1233,
      "processes" : [
        {
          "activity" : "loadResources",
          "start" : 17,
          "length" : 9
        },
        {
          "activity" : "load",
          "start" : 17,
          "length" : 5
        },
        {
          "activity" : "checkR4R4B",
          "start" : 17,
          "length" : 1
        },
        {
          "activity" : "generateNarratives",
          "start" : 17,
          "length" : 8
        },
        {
          "activity" : "validate",
          "start" : 20,
          "length" : 5093
        },
        {
          "activity" : "translate",
          "start" : 47,
          "length" : 2
        },
        {
          "activity" : "generate1",
          "start" : 47,
          "length" : 13
        },
        {
          "activity" : "generate2",
          "start" : 51,
          "length" : 265
        },
        {
          "activity" : "generateValidationPack",
          "start" : 74,
          "length" : 1
        }
      ]
    },
    {
      "name" : "fsh-generated/resources/Condition-example-cancer.json",
      "size" : 1575,
      "processes" : [
        {
          "activity" : "loadResources",
          "start" : 17,
          "length" : 10
        },
        {
          "activity" : "generateNarratives",
          "start" : 17,
          "length" : 136
        },
        {
          "activity" : "validate",
          "start" : 33,
          "length" : 8748
        },
        {
          "activity" : "translate",
          "start" : 47,
          "length" : 1
        },
        {
          "activity" : "generate1",
          "start" : 47,
          "length" : 13
        },
        {
          "activity" : "generate2",
          "start" : 52,
          "length" : 14
        }
      ]
    },
    {
      "name" : "fsh-generated/resources/Encounter-example-encounter.json",
      "size" : 2249,
      "processes" : [
        {
          "activity" : "loadResources",
          "start" : 17,
          "length" : 7
        },
        {
          "activity" : "generateNarratives",
          "start" : 17,
          "length" : 4
        },
        {
          "activity" : "validate",
          "start" : 42,
          "length" : 67
        },
        {
          "activity" : "translate",
          "start" : 47,
          "length" : 2
        },
        {
          "activity" : "generate1",
          "start" : 47,
          "length" : 16
        },
        {
          "activity" : "generate2",
          "start" : 52,
          "length" : 16
        }
      ]
    },
    {
      "name" : "fsh-generated/resources/Encounter-example-pencounter.json",
      "size" : 1320,
      "processes" : [
        {
          "activity" : "loadResources",
          "start" : 17,
          "length" : 6
        },
        {
          "activity" : "load-configure",
          "start" : 17,
          "length" : 1
        },
        {
          "activity" : "generateNarratives",
          "start" : 17,
          "length" : 2
        },
        {
          "activity" : "validate",
          "start" : 42,
          "length" : 4
        },
        {
          "activity" : "translate",
          "start" : 47,
          "length" : 2
        },
        {
          "activity" : "generate1",
          "start" : 47,
          "length" : 12
        },
        {
          "activity" : "generate2",
          "start" : 52,
          "length" : 16
        }
      ]
    },
    {
      "name" : "fsh-generated/resources/Observation-example-LTBaseobservation-blood-pressure.json",
      "size" : 3098,
      "processes" : [
        {
          "activity" : "loadResources",
          "start" : 17,
          "length" : 9
        },
        {
          "activity" : "generateNarratives",
          "start" : 17,
          "length" : 2212
        },
        {
          "activity" : "validate",
          "start" : 42,
          "length" : 5460
        },
        {
          "activity" : "translate",
          "start" : 47,
          "length" : 1
        },
        {
          "activity" : "generate1",
          "start" : 47,
          "length" : 19
        },
        {
          "activity" : "generate2",
          "start" : 52,
          "length" : 18
        }
      ]
    },
    {
      "name" : "fsh-generated/resources/Organization-example-lmb.json",
      "size" : 1245,
      "processes" : [
        {
          "activity" : "loadResources",
          "start" : 17,
          "length" : 7
        },
        {
          "activity" : "generateNarratives",
          "start" : 19,
          "length" : 5
        },
        {
          "activity" : "validate",
          "start" : 47,
          "length" : 22
        },
        {
          "activity" : "translate",
          "start" : 47,
          "length" : 2
        },
        {
          "activity" : "generate1",
          "start" : 48,
          "length" : 10
        },
        {
          "activity" : "generate2",
          "start" : 52,
          "length" : 11
        }
      ]
    },
    {
      "name" : "fsh-generated/resources/Organization-example-organization.json",
      "size" : 897,
      "processes" : [
        {
          "activity" : "loadResources",
          "start" : 17,
          "length" : 6
        },
        {
          "activity" : "checkR4R4B",
          "start" : 17,
          "length" : 1
        },
        {
          "activity" : "generateNarratives",
          "start" : 19,
          "length" : 2
        },
        {
          "activity" : "validate",
          "start" : 47,
          "length" : 3
        },
        {
          "activity" : "translate",
          "start" : 47,
          "length" : 1
        },
        {
          "activity" : "generate1",
          "start" : 48,
          "length" : 11
        },
        {
          "activity" : "generate2",
          "start" : 52,
          "length" : 10
        },
        {
          "activity" : "generateExampleZip",
          "start" : 74,
          "length" : 1
        },
        {
          "activity" : "scanExamplesForR5",
          "start" : 84,
          "length" : 1
        }
      ]
    },
    {
      "name" : "fsh-generated/resources/Patient-example-patient.json",
      "size" : 939,
      "processes" : [
        {
          "activity" : "loadResources",
          "start" : 17,
          "length" : 6
        },
        {
          "activity" : "generateNarratives",
          "start" : 19,
          "length" : 43
        },
        {
          "activity" : "validate",
          "start" : 47,
          "length" : 10
        },
        {
          "activity" : "translate",
          "start" : 47,
          "length" : 2
        },
        {
          "activity" : "generate1",
          "start" : 48,
          "length" : 10
        },
        {
          "activity" : "generate2",
          "start" : 52,
          "length" : 9
        }
      ]
    },
    {
      "name" : "fsh-generated/resources/Practitioner-example-practitioner.json",
      "size" : 927,
      "processes" : [
        {
          "activity" : "loadResources",
          "start" : 17,
          "length" : 7
        },
        {
          "activity" : "generateNarratives",
          "start" : 20,
          "length" : 1
        },
        {
          "activity" : "validate",
          "start" : 47,
          "length" : 3
        },
        {
          "activity" : "translate",
          "start" : 47,
          "length" : 1
        },
        {
          "activity" : "generate1",
          "start" : 48,
          "length" : 10
        },
        {
          "activity" : "generate2",
          "start" : 52,
          "length" : 9
        }
      ]
    },
    {
      "name" : "fsh-generated/resources/PractitionerRole-example-practitioner-role.json",
      "size" : 578,
      "processes" : [
        {
          "activity" : "loadResources",
          "start" : 17,
          "length" : 6
        },
        {
          "activity" : "generateNarratives",
          "start" : 20,
          "length" : 1
        },
        {
          "activity" : "validate",
          "start" : 47,
          "length" : 4
        },
        {
          "activity" : "translate",
          "start" : 47,
          "length" : 2
        },
        {
          "activity" : "generate1",
          "start" : 48,
          "length" : 9
        },
        {
          "activity" : "generate2",
          "start" : 52,
          "length" : 12
        }
      ]
    },
    {
      "name" : "fsh-generated/resources/RelatedPerson-example-related-person.json",
      "size" : 610,
      "processes" : [
        {
          "activity" : "loadResources",
          "start" : 17,
          "length" : 6
        },
        {
          "activity" : "generateNarratives",
          "start" : 20,
          "length" : 1
        },
        {
          "activity" : "validate",
          "start" : 47,
          "length" : 12
        },
        {
          "activity" : "translate",
          "start" : 47,
          "length" : 2
        },
        {
          "activity" : "generate1",
          "start" : 48,
          "length" : 9
        },
        {
          "activity" : "generate2",
          "start" : 52,
          "length" : 10
        }
      ]
    },
    {
      "name" : "fsh-generated/resources/StructureDefinition-lt-condition.json",
      "size" : 3135,
      "processes" : [
        {
          "activity" : "loadResources",
          "start" : 17,
          "length" : 7
        },
        {
          "activity" : "load",
          "start" : 17,
          "length" : 2
        },
        {
          "activity" : "generateSnapshots",
          "start" : 17,
          "length" : 15
        },
        {
          "activity" : "generateNarratives",
          "start" : 20,
          "length" : 25
        },
        {
          "activity" : "validate",
          "start" : 28,
          "length" : 151
        },
        {
          "activity" : "checkConformanceResources",
          "start" : 33,
          "length" : 2
        },
        {
          "activity" : "scanForUsageStats",
          "start" : 33,
          "length" : 1
        },
        {
          "activity" : "generate1",
          "start" : 48,
          "length" : 179
        },
        {
          "activity" : "generate2",
          "start" : 52,
          "length" : 1266
        },
        {
          "activity" : "generate2",
          "start" : 56,
          "length" : 1591
        },
        {
          "activity" : "generateValidationPack",
          "start" : 74,
          "length" : 2
        },
        {
          "activity" : "scanProfilesForR5",
          "start" : 84,
          "length" : 1
        },
        {
          "activity" : "scanExamplesForR5",
          "start" : 84,
          "length" : 1
        }
      ]
    },
    {
      "name" : "fsh-generated/resources/StructureDefinition-lt-encounter.json",
      "size" : 6106,
      "processes" : [
        {
          "activity" : "loadResources",
          "start" : 17,
          "length" : 8
        },
        {
          "activity" : "load",
          "start" : 17,
          "length" : 2
        },
        {
          "activity" : "generateSnapshots",
          "start" : 17,
          "length" : 25
        },
        {
          "activity" : "generateNarratives",
          "start" : 20,
          "length" : 30
        },
        {
          "activity" : "validate",
          "start" : 28,
          "length" : 155
        },
        {
          "activity" : "scanForUsageStats",
          "start" : 33,
          "length" : 1
        },
        {
          "activity" : "generate1",
          "start" : 48,
          "length" : 362
        },
        {
          "activity" : "generate2",
          "start" : 53,
          "length" : 576
        },
        {
          "activity" : "generate2",
          "start" : 57,
          "length" : 176
        },
        {
          "activity" : "generateValidationPack",
          "start" : 74,
          "length" : 6
        },
        {
          "activity" : "scanExamplesForR5",
          "start" : 84,
          "length" : 3
        }
      ]
    },
    {
      "name" : "fsh-generated/resources/StructureDefinition-lt-observation.json",
      "size" : 6707,
      "processes" : [
        {
          "activity" : "loadResources",
          "start" : 17,
          "length" : 7
        },
        {
          "activity" : "load",
          "start" : 17,
          "length" : 2
        },
        {
          "activity" : "generateSnapshots",
          "start" : 17,
          "length" : 28
        },
        {
          "activity" : "generateNarratives",
          "start" : 20,
          "length" : 22
        },
        {
          "activity" : "validate",
          "start" : 28,
          "length" : 117
        },
        {
          "activity" : "scanForUsageStats",
          "start" : 33,
          "length" : 1
        },
        {
          "activity" : "translate",
          "start" : 47,
          "length" : 1
        },
        {
          "activity" : "generate1",
          "start" : 48,
          "length" : 361
        },
        {
          "activity" : "generate2",
          "start" : 54,
          "length" : 584
        },
        {
          "activity" : "generate2",
          "start" : 58,
          "length" : 165
        },
        {
          "activity" : "generateValidationPack",
          "start" : 74,
          "length" : 6
        },
        {
          "activity" : "scanExamplesForR5",
          "start" : 84,
          "length" : 2
        }
      ]
    },
    {
      "name" : "fsh-generated/resources/StructureDefinition-lt-organization.json",
      "size" : 4820,
      "processes" : [
        {
          "activity" : "loadResources",
          "start" : 17,
          "length" : 7
        },
        {
          "activity" : "load",
          "start" : 17,
          "length" : 2
        },
        {
          "activity" : "generateSnapshots",
          "start" : 17,
          "length" : 25
        },
        {
          "activity" : "generateNarratives",
          "start" : 20,
          "length" : 57
        },
        {
          "activity" : "validate",
          "start" : 28,
          "length" : 107
        },
        {
          "activity" : "checkConformanceResources",
          "start" : 33,
          "length" : 1
        },
        {
          "activity" : "generate1",
          "start" : 48,
          "length" : 232
        },
        {
          "activity" : "generate2",
          "start" : 54,
          "length" : 450
        },
        {
          "activity" : "generate2",
          "start" : 58,
          "length" : 159
        },
        {
          "activity" : "generateValidationPack",
          "start" : 74,
          "length" : 4
        },
        {
          "activity" : "scanProfilesForR5",
          "start" : 84,
          "length" : 1
        },
        {
          "activity" : "scanExamplesForR5",
          "start" : 84,
          "length" : 1
        }
      ]
    },
    {
      "name" : "fsh-generated/resources/StructureDefinition-lt-patient.json",
      "size" : 2318,
      "processes" : [
        {
          "activity" : "loadResources",
          "start" : 17,
          "length" : 6
        },
        {
          "activity" : "load",
          "start" : 17,
          "length" : 2
        },
        {
          "activity" : "generateSnapshots",
          "start" : 17,
          "length" : 21
        },
        {
          "activity" : "generateNarratives",
          "start" : 20,
          "length" : 15
        },
        {
          "activity" : "validate",
          "start" : 28,
          "length" : 93
        },
        {
          "activity" : "scanForUsageStats",
          "start" : 33,
          "length" : 1
        },
        {
          "activity" : "generate1",
          "start" : 49,
          "length" : 204
        },
        {
          "activity" : "generate2",
          "start" : 55,
          "length" : 391
        },
        {
          "activity" : "generate2",
          "start" : 58,
          "length" : 145
        },
        {
          "activity" : "generateValidationPack",
          "start" : 74,
          "length" : 3
        },
        {
          "activity" : "scanExamplesForR5",
          "start" : 84,
          "length" : 2
        }
      ]
    },
    {
      "name" : "fsh-generated/resources/StructureDefinition-lt-practitioner-role.json",
      "size" : 1499,
      "processes" : [
        {
          "activity" : "loadResources",
          "start" : 17,
          "length" : 6
        },
        {
          "activity" : "load",
          "start" : 17,
          "length" : 1
        },
        {
          "activity" : "generateSnapshots",
          "start" : 17,
          "length" : 10
        },
        {
          "activity" : "generateNarratives",
          "start" : 20,
          "length" : 7
        },
        {
          "activity" : "validate",
          "start" : 29,
          "length" : 37
        },
        {
          "activity" : "translate",
          "start" : 47,
          "length" : 1
        },
        {
          "activity" : "generate1",
          "start" : 49,
          "length" : 88
        },
        {
          "activity" : "generate2",
          "start" : 55,
          "length" : 204
        },
        {
          "activity" : "generate2",
          "start" : 58,
          "length" : 69
        },
        {
          "activity" : "generateValidationPack",
          "start" : 74,
          "length" : 2
        },
        {
          "activity" : "scanExamplesForR5",
          "start" : 84,
          "length" : 1
        }
      ]
    },
    {
      "name" : "fsh-generated/resources/StructureDefinition-lt-practitioner.json",
      "size" : 732,
      "processes" : [
        {
          "activity" : "loadResources",
          "start" : 17,
          "length" : 5
        },
        {
          "activity" : "load",
          "start" : 17,
          "length" : 1
        },
        {
          "activity" : "generateSnapshots",
          "start" : 17,
          "length" : 13
        },
        {
          "activity" : "generateNarratives",
          "start" : 20,
          "length" : 6
        },
        {
          "activity" : "validate",
          "start" : 29,
          "length" : 51
        },
        {
          "activity" : "generate1",
          "start" : 49,
          "length" : 91
        },
        {
          "activity" : "generate2",
          "start" : 55,
          "length" : 215
        },
        {
          "activity" : "generate2",
          "start" : 58,
          "length" : 83
        },
        {
          "activity" : "generateValidationPack",
          "start" : 74,
          "length" : 2
        }
      ]
    },
    {
      "name" : "fsh-generated/resources/StructureDefinition-lt-related-person.json",
      "size" : 1331,
      "processes" : [
        {
          "activity" : "loadResources",
          "start" : 17,
          "length" : 6
        },
        {
          "activity" : "load",
          "start" : 17,
          "length" : 1
        },
        {
          "activity" : "generateSnapshots",
          "start" : 17,
          "length" : 10
        },
        {
          "activity" : "generateNarratives",
          "start" : 20,
          "length" : 7
        },
        {
          "activity" : "validate",
          "start" : 29,
          "length" : 41
        },
        {
          "activity" : "scanForUsageStats",
          "start" : 33,
          "length" : 1
        },
        {
          "activity" : "generate1",
          "start" : 49,
          "length" : 95
        },
        {
          "activity" : "generate2",
          "start" : 55,
          "length" : 227
        },
        {
          "activity" : "generate2",
          "start" : 58,
          "length" : 59
        },
        {
          "activity" : "generateValidationPack",
          "start" : 74,
          "length" : 1
        },
        {
          "activity" : "scanExamplesForR5",
          "start" : 84,
          "length" : 1
        }
      ]
    },
    {
      "name" : "fsh-generated/resources/ValueSet-organization-identifier.json",
      "size" : 839,
      "processes" : [
        {
          "activity" : "loadResources",
          "start" : 17,
          "length" : 6
        },
        {
          "activity" : "load",
          "start" : 17,
          "length" : 4
        },
        {
          "activity" : "generateNarratives",
          "start" : 20,
          "length" : 42
        },
        {
          "activity" : "validate",
          "start" : 25,
          "length" : 3067
        },
        {
          "activity" : "validate",
          "start" : 29,
          "length" : 1
        },
        {
          "activity" : "translate",
          "start" : 47,
          "length" : 2
        },
        {
          "activity" : "generate1",
          "start" : 49,
          "length" : 12
        },
        {
          "activity" : "generate2",
          "start" : 56,
          "length" : 58
        }
      ]
    }
  ]
}
