{
  "date" : "Mon, 27 Oct, 2025 15:57:18 +0200",
  "doco" : "For each file: start is seconds after start activity occurred. Length = milliseconds activity took",
  "files" : [
    {
      "name" : "/fsh-generated/resources/ImplementationGuide-lt.hl7.fhir.base.json",
      "size" : 10546,
      "processes" : [
        {
          "activity" : "load",
          "start" : 17,
          "length" : 24
        },
        {
          "activity" : "checkR4R4B",
          "start" : 17,
          "length" : 4
        },
        {
          "activity" : "generateNarratives",
          "start" : 17,
          "length" : 52
        },
        {
          "activity" : "validate",
          "start" : 30,
          "length" : 4818
        },
        {
          "activity" : "scanForUsageStats",
          "start" : 35,
          "length" : 1
        },
        {
          "activity" : "translate",
          "start" : 51,
          "length" : 6
        },
        {
          "activity" : "generate1",
          "start" : 51,
          "length" : 46
        },
        {
          "activity" : "generate2",
          "start" : 54,
          "length" : 54
        },
        {
          "activity" : "scanExamplesForR5",
          "start" : 88,
          "length" : 1
        }
      ]
    },
    {
      "name" : "fsh-generated/resources/CodeSystem-identifier-domain.json",
      "size" : 1233,
      "processes" : [
        {
          "activity" : "loadResources",
          "start" : 16,
          "length" : 9
        },
        {
          "activity" : "load",
          "start" : 17,
          "length" : 6
        },
        {
          "activity" : "generateNarratives",
          "start" : 17,
          "length" : 7
        },
        {
          "activity" : "validate",
          "start" : 20,
          "length" : 5541
        },
        {
          "activity" : "checkConformanceResources",
          "start" : 35,
          "length" : 1
        },
        {
          "activity" : "translate",
          "start" : 51,
          "length" : 3
        },
        {
          "activity" : "generate1",
          "start" : 51,
          "length" : 13
        },
        {
          "activity" : "generate2",
          "start" : 54,
          "length" : 254
        },
        {
          "activity" : "generateValidationPack",
          "start" : 78,
          "length" : 1
        }
      ]
    },
    {
      "name" : "fsh-generated/resources/Condition-example-cancer.json",
      "size" : 1575,
      "processes" : [
        {
          "activity" : "loadResources",
          "start" : 17,
          "length" : 10
        },
        {
          "activity" : "checkR4R4B",
          "start" : 17,
          "length" : 1
        },
        {
          "activity" : "generateNarratives",
          "start" : 17,
          "length" : 142
        },
        {
          "activity" : "validate",
          "start" : 35,
          "length" : 10205
        },
        {
          "activity" : "translate",
          "start" : 51,
          "length" : 2
        },
        {
          "activity" : "generate1",
          "start" : 51,
          "length" : 13
        },
        {
          "activity" : "generate2",
          "start" : 54,
          "length" : 14
        }
      ]
    },
    {
      "name" : "fsh-generated/resources/Encounter-example-encounter.json",
      "size" : 2249,
      "processes" : [
        {
          "activity" : "loadResources",
          "start" : 17,
          "length" : 9
        },
        {
          "activity" : "generateNarratives",
          "start" : 17,
          "length" : 4
        },
        {
          "activity" : "validate",
          "start" : 45,
          "length" : 60
        },
        {
          "activity" : "translate",
          "start" : 51,
          "length" : 1
        },
        {
          "activity" : "generate1",
          "start" : 51,
          "length" : 16
        },
        {
          "activity" : "generate2",
          "start" : 54,
          "length" : 16
        }
      ]
    },
    {
      "name" : "fsh-generated/resources/Encounter-example-pencounter.json",
      "size" : 1320,
      "processes" : [
        {
          "activity" : "loadResources",
          "start" : 17,
          "length" : 6
        },
        {
          "activity" : "generateNarratives",
          "start" : 17,
          "length" : 2
        },
        {
          "activity" : "validate",
          "start" : 45,
          "length" : 3
        },
        {
          "activity" : "translate",
          "start" : 51,
          "length" : 2
        },
        {
          "activity" : "generate1",
          "start" : 51,
          "length" : 13
        },
        {
          "activity" : "generate2",
          "start" : 54,
          "length" : 12
        }
      ]
    },
    {
      "name" : "fsh-generated/resources/Observation-example-LTBaseobservation-blood-pressure.json",
      "size" : 3098,
      "processes" : [
        {
          "activity" : "loadResources",
          "start" : 17,
          "length" : 9
        },
        {
          "activity" : "generateNarratives",
          "start" : 17,
          "length" : 2147
        },
        {
          "activity" : "validate",
          "start" : 45,
          "length" : 6223
        },
        {
          "activity" : "translate",
          "start" : 51,
          "length" : 1
        },
        {
          "activity" : "generate1",
          "start" : 51,
          "length" : 18
        },
        {
          "activity" : "generate2",
          "start" : 55,
          "length" : 17
        }
      ]
    },
    {
      "name" : "fsh-generated/resources/Organization-example-lmb.json",
      "size" : 1245,
      "processes" : [
        {
          "activity" : "loadResources",
          "start" : 17,
          "length" : 8
        },
        {
          "activity" : "generateNarratives",
          "start" : 19,
          "length" : 6
        },
        {
          "activity" : "validate",
          "start" : 51,
          "length" : 19
        },
        {
          "activity" : "translate",
          "start" : 51,
          "length" : 1
        },
        {
          "activity" : "generate1",
          "start" : 51,
          "length" : 11
        },
        {
          "activity" : "generate2",
          "start" : 55,
          "length" : 13
        }
      ]
    },
    {
      "name" : "fsh-generated/resources/Organization-example-organization.json",
      "size" : 897,
      "processes" : [
        {
          "activity" : "loadResources",
          "start" : 17,
          "length" : 6
        },
        {
          "activity" : "load-configure",
          "start" : 17,
          "length" : 1
        },
        {
          "activity" : "generateNarratives",
          "start" : 20,
          "length" : 2
        },
        {
          "activity" : "validate",
          "start" : 51,
          "length" : 3
        },
        {
          "activity" : "translate",
          "start" : 51,
          "length" : 2
        },
        {
          "activity" : "generate1",
          "start" : 51,
          "length" : 10
        },
        {
          "activity" : "generate2",
          "start" : 55,
          "length" : 9
        }
      ]
    },
    {
      "name" : "fsh-generated/resources/Patient-example-patient.json",
      "size" : 939,
      "processes" : [
        {
          "activity" : "loadResources",
          "start" : 17,
          "length" : 7
        },
        {
          "activity" : "checkR4R4B",
          "start" : 17,
          "length" : 1
        },
        {
          "activity" : "generateNarratives",
          "start" : 20,
          "length" : 37
        },
        {
          "activity" : "validate",
          "start" : 51,
          "length" : 3
        },
        {
          "activity" : "translate",
          "start" : 51,
          "length" : 1
        },
        {
          "activity" : "generate1",
          "start" : 51,
          "length" : 11
        },
        {
          "activity" : "generate2",
          "start" : 55,
          "length" : 11
        }
      ]
    },
    {
      "name" : "fsh-generated/resources/Practitioner-example-practitioner.json",
      "size" : 927,
      "processes" : [
        {
          "activity" : "loadResources",
          "start" : 17,
          "length" : 7
        },
        {
          "activity" : "generateNarratives",
          "start" : 20,
          "length" : 1
        },
        {
          "activity" : "validate",
          "start" : 51,
          "length" : 2
        },
        {
          "activity" : "translate",
          "start" : 51,
          "length" : 1
        },
        {
          "activity" : "generate1",
          "start" : 51,
          "length" : 10
        },
        {
          "activity" : "generate2",
          "start" : 55,
          "length" : 14
        }
      ]
    },
    {
      "name" : "fsh-generated/resources/PractitionerRole-example-practitioner-role.json",
      "size" : 578,
      "processes" : [
        {
          "activity" : "loadResources",
          "start" : 17,
          "length" : 6
        },
        {
          "activity" : "generateNarratives",
          "start" : 20,
          "length" : 1
        },
        {
          "activity" : "validate",
          "start" : 51,
          "length" : 4
        },
        {
          "activity" : "translate",
          "start" : 51,
          "length" : 2
        },
        {
          "activity" : "generate1",
          "start" : 51,
          "length" : 9
        },
        {
          "activity" : "generate2",
          "start" : 55,
          "length" : 14
        }
      ]
    },
    {
      "name" : "fsh-generated/resources/RelatedPerson-example-related-person.json",
      "size" : 610,
      "processes" : [
        {
          "activity" : "loadResources",
          "start" : 17,
          "length" : 7
        },
        {
          "activity" : "generateNarratives",
          "start" : 20,
          "length" : 1
        },
        {
          "activity" : "validate",
          "start" : 51,
          "length" : 12
        },
        {
          "activity" : "translate",
          "start" : 51,
          "length" : 1
        },
        {
          "activity" : "generate1",
          "start" : 51,
          "length" : 9
        },
        {
          "activity" : "generate2",
          "start" : 55,
          "length" : 12
        }
      ]
    },
    {
      "name" : "fsh-generated/resources/StructureDefinition-lt-condition.json",
      "size" : 3135,
      "processes" : [
        {
          "activity" : "loadResources",
          "start" : 17,
          "length" : 8
        },
        {
          "activity" : "load",
          "start" : 17,
          "length" : 4
        },
        {
          "activity" : "generateSnapshots",
          "start" : 17,
          "length" : 14
        },
        {
          "activity" : "generateNarratives",
          "start" : 20,
          "length" : 22
        },
        {
          "activity" : "validate",
          "start" : 29,
          "length" : 145
        },
        {
          "activity" : "translate",
          "start" : 51,
          "length" : 1
        },
        {
          "activity" : "generate1",
          "start" : 51,
          "length" : 180
        },
        {
          "activity" : "generate2",
          "start" : 55,
          "length" : 1264
        },
        {
          "activity" : "generate2",
          "start" : 59,
          "length" : 1701
        },
        {
          "activity" : "generateValidationPack",
          "start" : 78,
          "length" : 2
        },
        {
          "activity" : "scanProfilesForR5",
          "start" : 88,
          "length" : 1
        },
        {
          "activity" : "scanExamplesForR5",
          "start" : 88,
          "length" : 1
        }
      ]
    },
    {
      "name" : "fsh-generated/resources/StructureDefinition-lt-encounter.json",
      "size" : 6106,
      "processes" : [
        {
          "activity" : "loadResources",
          "start" : 17,
          "length" : 8
        },
        {
          "activity" : "load",
          "start" : 17,
          "length" : 5
        },
        {
          "activity" : "generateSnapshots",
          "start" : 17,
          "length" : 25
        },
        {
          "activity" : "generateNarratives",
          "start" : 20,
          "length" : 26
        },
        {
          "activity" : "validate",
          "start" : 29,
          "length" : 147
        },
        {
          "activity" : "scanForUsageStats",
          "start" : 35,
          "length" : 1
        },
        {
          "activity" : "generate1",
          "start" : 52,
          "length" : 361
        },
        {
          "activity" : "generate2",
          "start" : 56,
          "length" : 599
        },
        {
          "activity" : "generate2",
          "start" : 60,
          "length" : 182
        },
        {
          "activity" : "generateValidationPack",
          "start" : 78,
          "length" : 6
        },
        {
          "activity" : "scanExamplesForR5",
          "start" : 88,
          "length" : 1
        }
      ]
    },
    {
      "name" : "fsh-generated/resources/StructureDefinition-lt-observation.json",
      "size" : 6707,
      "processes" : [
        {
          "activity" : "loadResources",
          "start" : 17,
          "length" : 7
        },
        {
          "activity" : "load",
          "start" : 17,
          "length" : 5
        },
        {
          "activity" : "generateSnapshots",
          "start" : 17,
          "length" : 23
        },
        {
          "activity" : "generateNarratives",
          "start" : 20,
          "length" : 22
        },
        {
          "activity" : "validate",
          "start" : 29,
          "length" : 122
        },
        {
          "activity" : "translate",
          "start" : 51,
          "length" : 1
        },
        {
          "activity" : "generate1",
          "start" : 52,
          "length" : 343
        },
        {
          "activity" : "generate2",
          "start" : 56,
          "length" : 590
        },
        {
          "activity" : "generate2",
          "start" : 61,
          "length" : 172
        },
        {
          "activity" : "generateValidationPack",
          "start" : 78,
          "length" : 8
        },
        {
          "activity" : "scanExamplesForR5",
          "start" : 88,
          "length" : 1
        }
      ]
    },
    {
      "name" : "fsh-generated/resources/StructureDefinition-lt-organization.json",
      "size" : 4820,
      "processes" : [
        {
          "activity" : "loadResources",
          "start" : 17,
          "length" : 8
        },
        {
          "activity" : "load",
          "start" : 17,
          "length" : 4
        },
        {
          "activity" : "generateSnapshots",
          "start" : 17,
          "length" : 28
        },
        {
          "activity" : "generateNarratives",
          "start" : 20,
          "length" : 75
        },
        {
          "activity" : "validate",
          "start" : 29,
          "length" : 116
        },
        {
          "activity" : "checkConformanceResources",
          "start" : 35,
          "length" : 1
        },
        {
          "activity" : "scanForUsageStats",
          "start" : 35,
          "length" : 1
        },
        {
          "activity" : "generate1",
          "start" : 52,
          "length" : 248
        },
        {
          "activity" : "generate2",
          "start" : 57,
          "length" : 446
        },
        {
          "activity" : "generate2",
          "start" : 61,
          "length" : 164
        },
        {
          "activity" : "generateValidationPack",
          "start" : 78,
          "length" : 5
        }
      ]
    },
    {
      "name" : "fsh-generated/resources/StructureDefinition-lt-patient.json",
      "size" : 2318,
      "processes" : [
        {
          "activity" : "loadResources",
          "start" : 17,
          "length" : 6
        },
        {
          "activity" : "load",
          "start" : 17,
          "length" : 4
        },
        {
          "activity" : "generateSnapshots",
          "start" : 17,
          "length" : 22
        },
        {
          "activity" : "generateNarratives",
          "start" : 20,
          "length" : 17
        },
        {
          "activity" : "validate",
          "start" : 30,
          "length" : 98
        },
        {
          "activity" : "generate1",
          "start" : 53,
          "length" : 207
        },
        {
          "activity" : "generate2",
          "start" : 57,
          "length" : 395
        },
        {
          "activity" : "generate2",
          "start" : 61,
          "length" : 140
        },
        {
          "activity" : "generateValidationPack",
          "start" : 78,
          "length" : 4
        },
        {
          "activity" : "scanExamplesForR5",
          "start" : 88,
          "length" : 1
        }
      ]
    },
    {
      "name" : "fsh-generated/resources/StructureDefinition-lt-practitioner-role.json",
      "size" : 1499,
      "processes" : [
        {
          "activity" : "loadResources",
          "start" : 17,
          "length" : 6
        },
        {
          "activity" : "load",
          "start" : 17,
          "length" : 4
        },
        {
          "activity" : "generateSnapshots",
          "start" : 17,
          "length" : 10
        },
        {
          "activity" : "generateNarratives",
          "start" : 20,
          "length" : 8
        },
        {
          "activity" : "validate",
          "start" : 30,
          "length" : 39
        },
        {
          "activity" : "translate",
          "start" : 51,
          "length" : 1
        },
        {
          "activity" : "generate1",
          "start" : 53,
          "length" : 85
        },
        {
          "activity" : "generate2",
          "start" : 58,
          "length" : 195
        },
        {
          "activity" : "generate2",
          "start" : 61,
          "length" : 56
        },
        {
          "activity" : "generateValidationPack",
          "start" : 78,
          "length" : 1
        }
      ]
    },
    {
      "name" : "fsh-generated/resources/StructureDefinition-lt-practitioner.json",
      "size" : 732,
      "processes" : [
        {
          "activity" : "loadResources",
          "start" : 17,
          "length" : 6
        },
        {
          "activity" : "load",
          "start" : 17,
          "length" : 4
        },
        {
          "activity" : "generateSnapshots",
          "start" : 17,
          "length" : 13
        },
        {
          "activity" : "generateNarratives",
          "start" : 20,
          "length" : 8
        },
        {
          "activity" : "validate",
          "start" : 30,
          "length" : 47
        },
        {
          "activity" : "scanForUsageStats",
          "start" : 35,
          "length" : 1
        },
        {
          "activity" : "generate1",
          "start" : 53,
          "length" : 90
        },
        {
          "activity" : "generate2",
          "start" : 58,
          "length" : 206
        },
        {
          "activity" : "generate2",
          "start" : 61,
          "length" : 75
        },
        {
          "activity" : "generateValidationPack",
          "start" : 78,
          "length" : 1
        },
        {
          "activity" : "scanExamplesForR5",
          "start" : 88,
          "length" : 1
        }
      ]
    },
    {
      "name" : "fsh-generated/resources/StructureDefinition-lt-related-person.json",
      "size" : 1331,
      "processes" : [
        {
          "activity" : "loadResources",
          "start" : 17,
          "length" : 6
        },
        {
          "activity" : "load",
          "start" : 17,
          "length" : 4
        },
        {
          "activity" : "generateSnapshots",
          "start" : 17,
          "length" : 12
        },
        {
          "activity" : "generateNarratives",
          "start" : 20,
          "length" : 9
        },
        {
          "activity" : "validate",
          "start" : 30,
          "length" : 42
        },
        {
          "activity" : "generate1",
          "start" : 53,
          "length" : 94
        },
        {
          "activity" : "generate2",
          "start" : 58,
          "length" : 263
        },
        {
          "activity" : "generate2",
          "start" : 61,
          "length" : 59
        },
        {
          "activity" : "generateValidationPack",
          "start" : 78,
          "length" : 2
        }
      ]
    },
    {
      "name" : "fsh-generated/resources/ValueSet-organization-identifier.json",
      "size" : 839,
      "processes" : [
        {
          "activity" : "loadResources",
          "start" : 17,
          "length" : 7
        },
        {
          "activity" : "load",
          "start" : 17,
          "length" : 4
        },
        {
          "activity" : "generateNarratives",
          "start" : 20,
          "length" : 53
        },
        {
          "activity" : "validate",
          "start" : 25,
          "length" : 3670
        },
        {
          "activity" : "translate",
          "start" : 51,
          "length" : 2
        },
        {
          "activity" : "generate1",
          "start" : 53,
          "length" : 12
        },
        {
          "activity" : "generate2",
          "start" : 59,
          "length" : 74
        }
      ]
    }
  ]
}
