{
  "url" : "https://hl7.lt/fhir/base/ImplementationGuide/lt.hl7.fhir.base",
  "name" : "LTBase",
  "title" : "Lithuanian Base Implementation Guide",
  "description" : "Lithuanian Base Implementation Guide",
  "status" : "draft",
  "package-id" : "lt.hl7.fhir.base",
  "ig-ver" : "0.1.0",
  "date" : "Mon, 27 Oct, 2025 15:57:18 +0200",
  "dateISO8601" : "2025-10-27T15:57:18+02:00",
  "errs" : 0,
  "warnings" : 22,
  "hints" : 568,
  "suppressed-hints" : 238,
  "suppressed-warnings" : 6,
  "version" : "5.0.0",
  "tool" : "5.0.0 (3)",
  "maxMemory" : 1010228376
}
