{
  "resourceType" : "Observation",
  "id" : "example-LTBaseobservation-blood-pressure",
  "meta" : {
    "profile" : ["https://hl7.lt/fhir/base/StructureDefinition/lt-observation"]
  },
  "language" : "en",
  "text" : {
    "status" : "generated",
    "div" : "<div xmlns=\"http://www.w3.org/1999/xhtml\"><div xml:lang=\"en\" lang=\"en\"><hr/><p><b>English</b></p><hr/><p class=\"res-header-id\"><b>Generated Narrative: Observation example-LTBaseobservation-blood-pressure</b></p><a name=\"example-LTBaseobservation-blood-pressure\"> </a><a name=\"hcexample-LTBaseobservation-blood-pressure\"> </a><div style=\"display: inline-block; background-color: #d9e0e7; padding: 6px; margin: 4px; border: 1px solid #8da1b4; border-radius: 5px; line-height: 60%\"><p style=\"margin-bottom: 0px\">Language: en</p><p style=\"margin-bottom: 0px\">Profile: <a href=\"StructureDefinition-lt-observation.html\">LT Base Observation</a></p></div><p><b>status</b>: Preliminary</p><p><b>category</b>: <span title=\"Codes:{http://terminology.hl7.org/CodeSystem/observation-category vital-signs}\">Vital Signs</span></p><p><b>code</b>: <span title=\"Codes:{http://loinc.org 85354-9}\">Blood pressure panel with all children optional</span></p><p><b>subject</b>: <a href=\"Patient-example-patient.html\">Jonas Petrauskas(official) Male, DoB: 1985-01-01 ( http://hospital-lt.lt/patient-id#HOSPLT-10005\u00a0(use:\u00a0usual,\u00a0))</a></p><p><b>encounter</b>: <a href=\"Encounter-example-encounter.html\">Encounter: status = completed; class = Inpatient encounter; priority = Emergency; actualPeriod = 2024-01-01 10:00:00+0000 --&gt; 2024-01-01 11:00:00+0000; plannedStartDate = 2024-01-01 10:00:00+0000; plannedEndDate = 2024-01-01 11:00:00+0000</a></p><p><b>effective</b>: 2025-08-01 10:00:00+0000</p><p><b>issued</b>: 2025-08-01 10:01:00+0000</p><p><b>performer</b>: <a href=\"Practitioner-example-practitioner.html\">Practitioner Dr. Petras Kazlauskas(official)</a></p><p><b>value</b>: Blood pressure within normal  limits</p><p><b>interpretation</b>: <span title=\"Codes:{http://terminology.hl7.org/CodeSystem/v3-ObservationInterpretation N}\">Normal</span></p><p><b>note</b>: </p><blockquote><div><p>Patient was calm and seated for 5 minutes before measurement.</p>\n</div></blockquote><h3>ReferenceRanges</h3><table class=\"grid\"><tr><td style=\"display: none\">-</td><td><b>Low</b></td><td><b>High</b></td><td><b>Type</b></td><td><b>Text</b></td></tr><tr><td style=\"display: none\">*</td><td>90 mmHg</td><td>120 mmHg</td><td><span title=\"Codes:{http://terminology.hl7.org/CodeSystem/referencerange-meaning normal}\">Normal Range</span></td><td><div><p>Normal systolic blood pressure for adults</p>\n</div></td></tr></table><blockquote><p><b>component</b></p><p><b>code</b>: <span title=\"Codes:{http://loinc.org 8480-6}\">Systolic blood pressure</span></p><p><b>value</b>: 117 mmHg<span style=\"background: LightGoldenRodYellow\"> (Details: UCUM  codemm[Hg] = 'mm[Hg]')</span></p><p><b>interpretation</b>: <span title=\"Codes:{http://terminology.hl7.org/CodeSystem/v3-ObservationInterpretation N}\">Normal</span></p></blockquote><blockquote><p><b>component</b></p><p><b>code</b>: <span title=\"Codes:{http://loinc.org 8462-4}\">Diastolic blood pressure</span></p><p><b>value</b>: 78 mmHg<span style=\"background: LightGoldenRodYellow\"> (Details: UCUM  codemm[Hg] = 'mm[Hg]')</span></p><p><b>interpretation</b>: <span title=\"Codes:{http://terminology.hl7.org/CodeSystem/v3-ObservationInterpretation N}\">Normal</span></p></blockquote></div><div xml:lang=\"lt\" lang=\"lt\"><hr/><p><b>Lithuanian</b></p><hr/><p class=\"res-header-id\"><b>Generated Narrative: Observation example-LTBaseobservation-blood-pressure</b></p><a name=\"lt-example-LTBaseobservation-blood-pressure\"> </a><a name=\"lt-hcexample-LTBaseobservation-blood-pressure\"> </a><div style=\"display: inline-block; background-color: #d9e0e7; padding: 6px; margin: 4px; border: 1px solid #8da1b4; border-radius: 5px; line-height: 60%\"><p style=\"margin-bottom: 0px\">Language: en</p><p style=\"margin-bottom: 0px\">Profile: <a href=\"StructureDefinition-lt-observation.html\">LT Base Observation</a></p></div><p><b>status</b>: Preliminary</p><p><b>category</b>: <span title=\"Codes:{http://terminology.hl7.org/CodeSystem/observation-category vital-signs}\">Vital Signs</span></p><p><b>code</b>: <span title=\"Codes:{http://loinc.org 85354-9}\">Blood pressure panel with all children optional</span></p><p><b>subject</b>: <a href=\"Patient-example-patient.html\">Jonas Petrauskas(official) Male, DoB: 1985-01-01 ( http://hospital-lt.lt/patient-id#HOSPLT-10005\u00a0(use:\u00a0usual,\u00a0))</a></p><p><b>encounter</b>: <a href=\"Encounter-example-encounter.html\">Encounter: status = completed; class = Inpatient encounter; priority = Emergency; actualPeriod = 2024-01-01 10:00:00+0000 --&gt; 2024-01-01 11:00:00+0000; plannedStartDate = 2024-01-01 10:00:00+0000; plannedEndDate = 2024-01-01 11:00:00+0000</a></p><p><b>effective</b>: 2025-08-01 10:00:00+0000</p><p><b>issued</b>: 2025-08-01 10:01:00+0000</p><p><b>performer</b>: <a href=\"Practitioner-example-practitioner.html\">Practitioner Dr. Petras Kazlauskas(official)</a></p><p><b>value</b>: Blood pressure within normal  limits</p><p><b>interpretation</b>: <span title=\"Codes:{http://terminology.hl7.org/CodeSystem/v3-ObservationInterpretation N}\">Normal</span></p><p><b>note</b>: </p><blockquote><div><p>Patient was calm and seated for 5 minutes before measurement.</p>\n</div></blockquote><h3>ReferenceRanges</h3><table class=\"grid\"><tr><td style=\"display: none\">-</td><td><b>Low</b></td><td><b>High</b></td><td><b>Type</b></td><td><b>Text</b></td></tr><tr><td style=\"display: none\">*</td><td>90 mmHg</td><td>120 mmHg</td><td><span title=\"Codes:{http://terminology.hl7.org/CodeSystem/referencerange-meaning normal}\">Normal Range</span></td><td><div><p>Normal systolic blood pressure for adults</p>\n</div></td></tr></table><blockquote><p><b>component</b></p><p><b>code</b>: <span title=\"Codes:{http://loinc.org 8480-6}\">Systolic blood pressure</span></p><p><b>value</b>: 117 mmHg<span style=\"background: LightGoldenRodYellow\"> (Details: UCUM  codemm[Hg] = 'mm[Hg]')</span></p><p><b>interpretation</b>: <span title=\"Codes:{http://terminology.hl7.org/CodeSystem/v3-ObservationInterpretation N}\">Normal</span></p></blockquote><blockquote><p><b>component</b></p><p><b>code</b>: <span title=\"Codes:{http://loinc.org 8462-4}\">Diastolic blood pressure</span></p><p><b>value</b>: 78 mmHg<span style=\"background: LightGoldenRodYellow\"> (Details: UCUM  codemm[Hg] = 'mm[Hg]')</span></p><p><b>interpretation</b>: <span title=\"Codes:{http://terminology.hl7.org/CodeSystem/v3-ObservationInterpretation N}\">Normal</span></p></blockquote></div></div>"
  },
  "status" : "preliminary",
  "category" : [{
    "coding" : [{
      "system" : "http://terminology.hl7.org/CodeSystem/observation-category",
      "code" : "vital-signs",
      "display" : "Vital Signs"
    }]
  }],
  "code" : {
    "coding" : [{
      "system" : "http://loinc.org",
      "code" : "85354-9",
      "display" : "Blood pressure panel with all children optional"
    }]
  },
  "subject" : {
    "reference" : "Patient/example-patient"
  },
  "encounter" : {
    "reference" : "Encounter/example-encounter"
  },
  "effectiveDateTime" : "2025-08-01T10:00:00Z",
  "issued" : "2025-08-01T10:01:00Z",
  "performer" : [{
    "reference" : "Practitioner/example-practitioner"
  }],
  "valueString" : "Blood pressure within normal  limits",
  "interpretation" : [{
    "coding" : [{
      "system" : "http://terminology.hl7.org/CodeSystem/v3-ObservationInterpretation",
      "code" : "N",
      "display" : "Normal"
    }]
  }],
  "note" : [{
    "text" : "Patient was calm and seated for 5 minutes before measurement."
  }],
  "referenceRange" : [{
    "low" : {
      "value" : 90,
      "unit" : "mmHg"
    },
    "high" : {
      "value" : 120,
      "unit" : "mmHg"
    },
    "type" : {
      "coding" : [{
        "system" : "http://terminology.hl7.org/CodeSystem/referencerange-meaning",
        "code" : "normal",
        "display" : "Normal Range"
      }]
    },
    "text" : "Normal systolic blood pressure for adults"
  }],
  "component" : [{
    "code" : {
      "coding" : [{
        "system" : "http://loinc.org",
        "code" : "8480-6",
        "display" : "Systolic blood pressure"
      }]
    },
    "valueQuantity" : {
      "value" : 117,
      "unit" : "mmHg",
      "system" : "http://unitsofmeasure.org",
      "code" : "mm[Hg]"
    },
    "interpretation" : [{
      "coding" : [{
        "system" : "http://terminology.hl7.org/CodeSystem/v3-ObservationInterpretation",
        "code" : "N",
        "display" : "Normal"
      }]
    }]
  },
  {
    "code" : {
      "coding" : [{
        "system" : "http://loinc.org",
        "code" : "8462-4",
        "display" : "Diastolic blood pressure"
      }]
    },
    "valueQuantity" : {
      "value" : 78,
      "unit" : "mmHg",
      "system" : "http://unitsofmeasure.org",
      "code" : "mm[Hg]"
    },
    "interpretation" : [{
      "coding" : [{
        "system" : "http://terminology.hl7.org/CodeSystem/v3-ObservationInterpretation",
        "code" : "N",
        "display" : "Normal"
      }]
    }]
  }]
}