{
  "resourceType" : "Bundle",
  "id" : "2345e56f-ed72-4867-bfec-134f8ca9b299",
  "meta" : {
    "lastUpdated" : "2025-10-27T15:57:18.264+02:00"
  },
  "type" : "collection",
  "entry" : [{
    "fullUrl" : "https://hl7.lt/fhir/base/ValueSet/organization-identifier",
    "resource" : {
      "resourceType" : "ValueSet",
      "language" : "en",
      "text" : {
        "status" : "generated",
        "div" : "<div xmlns=\"http://www.w3.org/1999/xhtml\" xml:lang=\"en\" lang=\"en\"><p class=\"res-header-id\"/><p style=\"border: black 1px dotted; background-color: #EEEEEE; padding: 8px; margin-bottom: 8px\">Expansion performed internally based on <a href=\"CodeSystem-identifier-domain.html\">codesystem Identifier Domain v0.1.0 (CodeSystem)</a><span class=\"copy-text-inline\"><button data-clipboard-text=\"https://hl7.lt/fhir/CodeSystem/identifier-domain|0.1.0\" title=\"Click to Copy URL\" class=\"btn-copy\"> </button></span></p><p>This value set contains 3 concepts</p><table class=\"codes\" data-fhir=\"generated\"><tr><td><b>System</b></td><td style=\"white-space:nowrap\"><b>Code</b></td><td><b>Display (en)</b> - English (English, en)</td><td><b>JSON</b></td><td><b>XML</b></td></tr><tr><td><a name=\"x-https://hl7.lt/fhir/CodeSystem/identifier-domain-http://esveikata.lt/Identifier/SVEIDRAID\"> </a><code>https://hl7.lt/fhir/CodeSystem/identifier-domain</code></td><td style=\"white-space:nowrap\">\u00a0\u00a0<a href=\"CodeSystem-identifier-domain.html#identifier-domain-http.58.47.47esveikata.46lt.47Identifier.47SVEIDRAID\">http://esveikata.lt/Identifier/SVEIDRAID</a></td><td>VEIDRA identifier</td><td><span class=\"copy-text-inline\"><button data-clipboard-text=\"{&quot;system&quot;: &quot;https://hl7.lt/fhir/CodeSystem/identifier-domain&quot;, &quot;version&quot;: &quot;0.1.0&quot;, &quot;code&quot;: &quot;http://esveikata.lt/Identifier/SVEIDRAID&quot;, &quot;display&quot;: &quot;VEIDRA identifier&quot;}\" title=\"Click to Copy as Coding\" class=\"btn-copy\"> </button></span></td><td><span class=\"copy-text-inline\"><button data-clipboard-text=\"&lt;coding&gt;&lt;system value=&quot;https://hl7.lt/fhir/CodeSystem/identifier-domain&quot;&gt;&lt;version value=&quot;0.1.0&quot;&gt;&lt;code value=&quot;http://esveikata.lt/Identifier/SVEIDRAID&quot;&gt;&lt;display value=&quot;VEIDRA identifier&quot;&gt;&lt;/coding&gt;\" title=\"Click to Copy as Coding\" class=\"btn-copy\"> </button></span></td></tr><tr><td><a name=\"x-https://hl7.lt/fhir/CodeSystem/identifier-domain-http://esveikata.lt/classifiers/Identifier/JAR\"> </a><code>https://hl7.lt/fhir/CodeSystem/identifier-domain</code></td><td style=\"white-space:nowrap\">\u00a0\u00a0<a href=\"CodeSystem-identifier-domain.html#identifier-domain-http.58.47.47esveikata.46lt.47classifiers.47Identifier.47JAR\">http://esveikata.lt/classifiers/Identifier/JAR</a></td><td>JAR code</td><td><span class=\"copy-text-inline\"><button data-clipboard-text=\"{&quot;system&quot;: &quot;https://hl7.lt/fhir/CodeSystem/identifier-domain&quot;, &quot;version&quot;: &quot;0.1.0&quot;, &quot;code&quot;: &quot;http://esveikata.lt/classifiers/Identifier/JAR&quot;, &quot;display&quot;: &quot;JAR code&quot;}\" title=\"Click to Copy as Coding\" class=\"btn-copy\"> </button></span></td><td><span class=\"copy-text-inline\"><button data-clipboard-text=\"&lt;coding&gt;&lt;system value=&quot;https://hl7.lt/fhir/CodeSystem/identifier-domain&quot;&gt;&lt;version value=&quot;0.1.0&quot;&gt;&lt;code value=&quot;http://esveikata.lt/classifiers/Identifier/JAR&quot;&gt;&lt;display value=&quot;JAR code&quot;&gt;&lt;/coding&gt;\" title=\"Click to Copy as Coding\" class=\"btn-copy\"> </button></span></td></tr><tr><td><a name=\"x-https://hl7.lt/fhir/CodeSystem/identifier-domain-http://esveikata.lt/Identifier/ESPBI\"> </a><code>https://hl7.lt/fhir/CodeSystem/identifier-domain</code></td><td style=\"white-space:nowrap\">\u00a0\u00a0<a href=\"CodeSystem-identifier-domain.html#identifier-domain-http.58.47.47esveikata.46lt.47Identifier.47ESPBI\">http://esveikata.lt/Identifier/ESPBI</a></td><td>ESPBI id</td><td><span class=\"copy-text-inline\"><button data-clipboard-text=\"{&quot;system&quot;: &quot;https://hl7.lt/fhir/CodeSystem/identifier-domain&quot;, &quot;version&quot;: &quot;0.1.0&quot;, &quot;code&quot;: &quot;http://esveikata.lt/Identifier/ESPBI&quot;, &quot;display&quot;: &quot;ESPBI id&quot;}\" title=\"Click to Copy as Coding\" class=\"btn-copy\"> </button></span></td><td><span class=\"copy-text-inline\"><button data-clipboard-text=\"&lt;coding&gt;&lt;system value=&quot;https://hl7.lt/fhir/CodeSystem/identifier-domain&quot;&gt;&lt;version value=&quot;0.1.0&quot;&gt;&lt;code value=&quot;http://esveikata.lt/Identifier/ESPBI&quot;&gt;&lt;display value=&quot;ESPBI id&quot;&gt;&lt;/coding&gt;\" title=\"Click to Copy as Coding\" class=\"btn-copy\"> </button></span></td></tr></table></div>"
      },
      "url" : "https://hl7.lt/fhir/base/ValueSet/organization-identifier",
      "version" : "1.0.0",
      "name" : "LTBaseOrganizationIdentifier",
      "title" : "Organization Identifier",
      "status" : "draft",
      "experimental" : false,
      "date" : "2025-10-27T15:57:00+02:00",
      "jurisdiction" : [{
        "coding" : [{
          "system" : "urn:iso:std:iso:3166",
          "code" : "LT"
        }]
      }],
      "expansion" : {
        "identifier" : "urn:uuid:b4d34ffa-7a97-4c75-8020-7248dcc105fb",
        "timestamp" : "2025-10-27T15:57:59+02:00",
        "total" : 3,
        "offset" : 0,
        "parameter" : [{
          "name" : "displayLanguage",
          "valueCode" : "en"
        },
        {
          "name" : "count",
          "valueInteger" : 1000
        },
        {
          "name" : "offset",
          "valueInteger" : 0
        },
        {
          "name" : "excludeNested",
          "valueBoolean" : false
        },
        {
          "name" : "warning-experimental",
          "valueUri" : "https://hl7.lt/fhir/CodeSystem/identifier-domain|0.1.0"
        },
        {
          "name" : "used-codesystem",
          "valueUri" : "https://hl7.lt/fhir/CodeSystem/identifier-domain|0.1.0"
        }],
        "contains" : [{
          "system" : "https://hl7.lt/fhir/CodeSystem/identifier-domain",
          "code" : "http://esveikata.lt/Identifier/SVEIDRAID",
          "display" : "VEIDRA identifier"
        },
        {
          "system" : "https://hl7.lt/fhir/CodeSystem/identifier-domain",
          "code" : "http://esveikata.lt/classifiers/Identifier/JAR",
          "display" : "JAR code"
        },
        {
          "system" : "https://hl7.lt/fhir/CodeSystem/identifier-domain",
          "code" : "http://esveikata.lt/Identifier/ESPBI",
          "display" : "ESPBI id"
        }]
      }
    }
  },
  {
    "fullUrl" : "https://hl7.lt/fhir/base/ValueSet/organization-identifier",
    "resource" : {
      "resourceType" : "ValueSet",
      "language" : "en",
      "text" : {
        "status" : "generated",
        "div" : "<div xmlns=\"http://www.w3.org/1999/xhtml\" xml:lang=\"en\" lang=\"en\"><p class=\"res-header-id\"/><p style=\"border: black 1px dotted; background-color: #EEEEEE; padding: 8px; margin-bottom: 8px\">Expansion performed internally based on <a href=\"CodeSystem-identifier-domain.html\">codesystem Identifier Domain v0.1.0 (CodeSystem)</a><span class=\"copy-text-inline\"><button data-clipboard-text=\"https://hl7.lt/fhir/CodeSystem/identifier-domain|0.1.0\" title=\"Click to Copy URL\" class=\"btn-copy\"> </button></span></p><p>This value set contains 3 concepts</p><table class=\"codes\" data-fhir=\"generated\"><tr><td><b>System</b></td><td style=\"white-space:nowrap\"><b>Code</b></td><td><b>Display (en)</b> - English (English, en)</td><td><b>JSON</b></td><td><b>XML</b></td></tr><tr><td><a name=\"x-https://hl7.lt/fhir/CodeSystem/identifier-domain-http://esveikata.lt/Identifier/SVEIDRAID\"> </a><code>https://hl7.lt/fhir/CodeSystem/identifier-domain</code></td><td style=\"white-space:nowrap\">\u00a0\u00a0<a href=\"CodeSystem-identifier-domain.html#identifier-domain-http.58.47.47esveikata.46lt.47Identifier.47SVEIDRAID\">http://esveikata.lt/Identifier/SVEIDRAID</a></td><td>VEIDRA identifier</td><td><span class=\"copy-text-inline\"><button data-clipboard-text=\"{&quot;system&quot;: &quot;https://hl7.lt/fhir/CodeSystem/identifier-domain&quot;, &quot;version&quot;: &quot;0.1.0&quot;, &quot;code&quot;: &quot;http://esveikata.lt/Identifier/SVEIDRAID&quot;, &quot;display&quot;: &quot;VEIDRA identifier&quot;}\" title=\"Click to Copy as Coding\" class=\"btn-copy\"> </button></span></td><td><span class=\"copy-text-inline\"><button data-clipboard-text=\"&lt;coding&gt;&lt;system value=&quot;https://hl7.lt/fhir/CodeSystem/identifier-domain&quot;&gt;&lt;version value=&quot;0.1.0&quot;&gt;&lt;code value=&quot;http://esveikata.lt/Identifier/SVEIDRAID&quot;&gt;&lt;display value=&quot;VEIDRA identifier&quot;&gt;&lt;/coding&gt;\" title=\"Click to Copy as Coding\" class=\"btn-copy\"> </button></span></td></tr><tr><td><a name=\"x-https://hl7.lt/fhir/CodeSystem/identifier-domain-http://esveikata.lt/classifiers/Identifier/JAR\"> </a><code>https://hl7.lt/fhir/CodeSystem/identifier-domain</code></td><td style=\"white-space:nowrap\">\u00a0\u00a0<a href=\"CodeSystem-identifier-domain.html#identifier-domain-http.58.47.47esveikata.46lt.47classifiers.47Identifier.47JAR\">http://esveikata.lt/classifiers/Identifier/JAR</a></td><td>JAR code</td><td><span class=\"copy-text-inline\"><button data-clipboard-text=\"{&quot;system&quot;: &quot;https://hl7.lt/fhir/CodeSystem/identifier-domain&quot;, &quot;version&quot;: &quot;0.1.0&quot;, &quot;code&quot;: &quot;http://esveikata.lt/classifiers/Identifier/JAR&quot;, &quot;display&quot;: &quot;JAR code&quot;}\" title=\"Click to Copy as Coding\" class=\"btn-copy\"> </button></span></td><td><span class=\"copy-text-inline\"><button data-clipboard-text=\"&lt;coding&gt;&lt;system value=&quot;https://hl7.lt/fhir/CodeSystem/identifier-domain&quot;&gt;&lt;version value=&quot;0.1.0&quot;&gt;&lt;code value=&quot;http://esveikata.lt/classifiers/Identifier/JAR&quot;&gt;&lt;display value=&quot;JAR code&quot;&gt;&lt;/coding&gt;\" title=\"Click to Copy as Coding\" class=\"btn-copy\"> </button></span></td></tr><tr><td><a name=\"x-https://hl7.lt/fhir/CodeSystem/identifier-domain-http://esveikata.lt/Identifier/ESPBI\"> </a><code>https://hl7.lt/fhir/CodeSystem/identifier-domain</code></td><td style=\"white-space:nowrap\">\u00a0\u00a0<a href=\"CodeSystem-identifier-domain.html#identifier-domain-http.58.47.47esveikata.46lt.47Identifier.47ESPBI\">http://esveikata.lt/Identifier/ESPBI</a></td><td>ESPBI id</td><td><span class=\"copy-text-inline\"><button data-clipboard-text=\"{&quot;system&quot;: &quot;https://hl7.lt/fhir/CodeSystem/identifier-domain&quot;, &quot;version&quot;: &quot;0.1.0&quot;, &quot;code&quot;: &quot;http://esveikata.lt/Identifier/ESPBI&quot;, &quot;display&quot;: &quot;ESPBI id&quot;}\" title=\"Click to Copy as Coding\" class=\"btn-copy\"> </button></span></td><td><span class=\"copy-text-inline\"><button data-clipboard-text=\"&lt;coding&gt;&lt;system value=&quot;https://hl7.lt/fhir/CodeSystem/identifier-domain&quot;&gt;&lt;version value=&quot;0.1.0&quot;&gt;&lt;code value=&quot;http://esveikata.lt/Identifier/ESPBI&quot;&gt;&lt;display value=&quot;ESPBI id&quot;&gt;&lt;/coding&gt;\" title=\"Click to Copy as Coding\" class=\"btn-copy\"> </button></span></td></tr></table></div>"
      },
      "url" : "https://hl7.lt/fhir/base/ValueSet/organization-identifier",
      "version" : "1.0.0",
      "name" : "LTBaseOrganizationIdentifier",
      "title" : "Organization Identifier",
      "status" : "draft",
      "experimental" : false,
      "date" : "2025-10-27T15:57:00+02:00",
      "jurisdiction" : [{
        "coding" : [{
          "system" : "urn:iso:std:iso:3166",
          "code" : "LT"
        }]
      }],
      "expansion" : {
        "identifier" : "urn:uuid:b4d34ffa-7a97-4c75-8020-7248dcc105fb",
        "timestamp" : "2025-10-27T15:57:59+02:00",
        "total" : 3,
        "offset" : 0,
        "parameter" : [{
          "name" : "displayLanguage",
          "valueCode" : "en"
        },
        {
          "name" : "count",
          "valueInteger" : 1000
        },
        {
          "name" : "offset",
          "valueInteger" : 0
        },
        {
          "name" : "excludeNested",
          "valueBoolean" : false
        },
        {
          "name" : "warning-experimental",
          "valueUri" : "https://hl7.lt/fhir/CodeSystem/identifier-domain|0.1.0"
        },
        {
          "name" : "used-codesystem",
          "valueUri" : "https://hl7.lt/fhir/CodeSystem/identifier-domain|0.1.0"
        }],
        "contains" : [{
          "system" : "https://hl7.lt/fhir/CodeSystem/identifier-domain",
          "code" : "http://esveikata.lt/Identifier/SVEIDRAID",
          "display" : "VEIDRA identifier"
        },
        {
          "system" : "https://hl7.lt/fhir/CodeSystem/identifier-domain",
          "code" : "http://esveikata.lt/classifiers/Identifier/JAR",
          "display" : "JAR code"
        },
        {
          "system" : "https://hl7.lt/fhir/CodeSystem/identifier-domain",
          "code" : "http://esveikata.lt/Identifier/ESPBI",
          "display" : "ESPBI id"
        }]
      }
    }
  },
  {
    "fullUrl" : "https://hl7.lt/fhir/base/ValueSet/organization-identifier",
    "resource" : {
      "resourceType" : "ValueSet",
      "language" : "en",
      "text" : {
        "status" : "generated",
        "div" : "<div xmlns=\"http://www.w3.org/1999/xhtml\" xml:lang=\"en\" lang=\"en\"><p class=\"res-header-id\"/><p style=\"border: black 1px dotted; background-color: #EEEEEE; padding: 8px; margin-bottom: 8px\">Expansion performed internally based on <a href=\"CodeSystem-identifier-domain.html\">codesystem Identifier Domain v0.1.0 (CodeSystem)</a><span class=\"copy-text-inline\"><button data-clipboard-text=\"https://hl7.lt/fhir/CodeSystem/identifier-domain|0.1.0\" title=\"Click to Copy URL\" class=\"btn-copy\"> </button></span></p><p>This value set contains 3 concepts</p><table class=\"codes\" data-fhir=\"generated\"><tr><td><b>System</b></td><td style=\"white-space:nowrap\"><b>Code</b></td><td><b>Display (en)</b> - English (English, en)</td><td><b>JSON</b></td><td><b>XML</b></td></tr><tr><td><a name=\"x-https://hl7.lt/fhir/CodeSystem/identifier-domain-http://esveikata.lt/Identifier/SVEIDRAID\"> </a><code>https://hl7.lt/fhir/CodeSystem/identifier-domain</code></td><td style=\"white-space:nowrap\">\u00a0\u00a0<a href=\"CodeSystem-identifier-domain.html#identifier-domain-http.58.47.47esveikata.46lt.47Identifier.47SVEIDRAID\">http://esveikata.lt/Identifier/SVEIDRAID</a></td><td>VEIDRA identifier</td><td><span class=\"copy-text-inline\"><button data-clipboard-text=\"{&quot;system&quot;: &quot;https://hl7.lt/fhir/CodeSystem/identifier-domain&quot;, &quot;version&quot;: &quot;0.1.0&quot;, &quot;code&quot;: &quot;http://esveikata.lt/Identifier/SVEIDRAID&quot;, &quot;display&quot;: &quot;VEIDRA identifier&quot;}\" title=\"Click to Copy as Coding\" class=\"btn-copy\"> </button></span></td><td><span class=\"copy-text-inline\"><button data-clipboard-text=\"&lt;coding&gt;&lt;system value=&quot;https://hl7.lt/fhir/CodeSystem/identifier-domain&quot;&gt;&lt;version value=&quot;0.1.0&quot;&gt;&lt;code value=&quot;http://esveikata.lt/Identifier/SVEIDRAID&quot;&gt;&lt;display value=&quot;VEIDRA identifier&quot;&gt;&lt;/coding&gt;\" title=\"Click to Copy as Coding\" class=\"btn-copy\"> </button></span></td></tr><tr><td><a name=\"x-https://hl7.lt/fhir/CodeSystem/identifier-domain-http://esveikata.lt/classifiers/Identifier/JAR\"> </a><code>https://hl7.lt/fhir/CodeSystem/identifier-domain</code></td><td style=\"white-space:nowrap\">\u00a0\u00a0<a href=\"CodeSystem-identifier-domain.html#identifier-domain-http.58.47.47esveikata.46lt.47classifiers.47Identifier.47JAR\">http://esveikata.lt/classifiers/Identifier/JAR</a></td><td>JAR code</td><td><span class=\"copy-text-inline\"><button data-clipboard-text=\"{&quot;system&quot;: &quot;https://hl7.lt/fhir/CodeSystem/identifier-domain&quot;, &quot;version&quot;: &quot;0.1.0&quot;, &quot;code&quot;: &quot;http://esveikata.lt/classifiers/Identifier/JAR&quot;, &quot;display&quot;: &quot;JAR code&quot;}\" title=\"Click to Copy as Coding\" class=\"btn-copy\"> </button></span></td><td><span class=\"copy-text-inline\"><button data-clipboard-text=\"&lt;coding&gt;&lt;system value=&quot;https://hl7.lt/fhir/CodeSystem/identifier-domain&quot;&gt;&lt;version value=&quot;0.1.0&quot;&gt;&lt;code value=&quot;http://esveikata.lt/classifiers/Identifier/JAR&quot;&gt;&lt;display value=&quot;JAR code&quot;&gt;&lt;/coding&gt;\" title=\"Click to Copy as Coding\" class=\"btn-copy\"> </button></span></td></tr><tr><td><a name=\"x-https://hl7.lt/fhir/CodeSystem/identifier-domain-http://esveikata.lt/Identifier/ESPBI\"> </a><code>https://hl7.lt/fhir/CodeSystem/identifier-domain</code></td><td style=\"white-space:nowrap\">\u00a0\u00a0<a href=\"CodeSystem-identifier-domain.html#identifier-domain-http.58.47.47esveikata.46lt.47Identifier.47ESPBI\">http://esveikata.lt/Identifier/ESPBI</a></td><td>ESPBI id</td><td><span class=\"copy-text-inline\"><button data-clipboard-text=\"{&quot;system&quot;: &quot;https://hl7.lt/fhir/CodeSystem/identifier-domain&quot;, &quot;version&quot;: &quot;0.1.0&quot;, &quot;code&quot;: &quot;http://esveikata.lt/Identifier/ESPBI&quot;, &quot;display&quot;: &quot;ESPBI id&quot;}\" title=\"Click to Copy as Coding\" class=\"btn-copy\"> </button></span></td><td><span class=\"copy-text-inline\"><button data-clipboard-text=\"&lt;coding&gt;&lt;system value=&quot;https://hl7.lt/fhir/CodeSystem/identifier-domain&quot;&gt;&lt;version value=&quot;0.1.0&quot;&gt;&lt;code value=&quot;http://esveikata.lt/Identifier/ESPBI&quot;&gt;&lt;display value=&quot;ESPBI id&quot;&gt;&lt;/coding&gt;\" title=\"Click to Copy as Coding\" class=\"btn-copy\"> </button></span></td></tr></table></div>"
      },
      "url" : "https://hl7.lt/fhir/base/ValueSet/organization-identifier",
      "version" : "1.0.0",
      "name" : "LTBaseOrganizationIdentifier",
      "title" : "Organization Identifier",
      "status" : "draft",
      "experimental" : false,
      "date" : "2025-10-27T15:57:00+02:00",
      "jurisdiction" : [{
        "coding" : [{
          "system" : "urn:iso:std:iso:3166",
          "code" : "LT"
        }]
      }],
      "expansion" : {
        "identifier" : "urn:uuid:6aac8cab-c082-4dba-877c-5afebd971716",
        "timestamp" : "2025-10-27T15:58:00+02:00",
        "total" : 3,
        "offset" : 0,
        "parameter" : [{
          "name" : "displayLanguage",
          "valueCode" : "lt"
        },
        {
          "name" : "count",
          "valueInteger" : 1000
        },
        {
          "name" : "offset",
          "valueInteger" : 0
        },
        {
          "name" : "excludeNested",
          "valueBoolean" : false
        },
        {
          "name" : "warning-experimental",
          "valueUri" : "https://hl7.lt/fhir/CodeSystem/identifier-domain|0.1.0"
        },
        {
          "name" : "used-codesystem",
          "valueUri" : "https://hl7.lt/fhir/CodeSystem/identifier-domain|0.1.0"
        }],
        "contains" : [{
          "system" : "https://hl7.lt/fhir/CodeSystem/identifier-domain",
          "code" : "http://esveikata.lt/Identifier/SVEIDRAID",
          "display" : "VEIDRA identifier"
        },
        {
          "system" : "https://hl7.lt/fhir/CodeSystem/identifier-domain",
          "code" : "http://esveikata.lt/classifiers/Identifier/JAR",
          "display" : "JAR code"
        },
        {
          "system" : "https://hl7.lt/fhir/CodeSystem/identifier-domain",
          "code" : "http://esveikata.lt/Identifier/ESPBI",
          "display" : "ESPBI id"
        }]
      }
    }
  }]
}