{
  "resourceType" : "Organization",
  "id" : "example-lmb",
  "meta" : {
    "profile" : ["https://hl7.lt/fhir/base/StructureDefinition/lt-organization"]
  },
  "language" : "lt",
  "text" : {
    "status" : "generated",
    "div" : "<div xmlns=\"http://www.w3.org/1999/xhtml\"><div xml:lang=\"en\" lang=\"en\"><hr/><p><b>English</b></p><hr/><p class=\"res-header-id\"><b>Generated Narrative: Organization example-lmb</b></p><a name=\"example-lmb\"> </a><a name=\"hcexample-lmb\"> </a><div style=\"display: inline-block; background-color: #d9e0e7; padding: 6px; margin: 4px; border: 1px solid #8da1b4; border-radius: 5px; line-height: 60%\"><p style=\"margin-bottom: 0px\">Language: lt</p><p style=\"margin-bottom: 0px\">Profile: <a href=\"StructureDefinition-lt-organization.html\">LT Base Organization</a></p></div><p><b>identifier</b>: <code>http://esveikata.lt/classifiers/Identifier/JAR</code>/200935935\u00a0(use:\u00a0official,\u00a0)</p><p><b>active</b>: true</p><p><b>name</b>: Lietuvos Medicinos biblioteka</p><h3>Contacts</h3><table class=\"grid\"><tr><td style=\"display: none\">-</td><td><b>Purpose</b></td><td><b>Telecom</b></td><td><b>Address</b></td></tr><tr><td style=\"display: none\">*</td><td><span title=\"Codes:\">work</span></td><td><a href=\"tel:+37061234567\">+37061234567</a></td><td>Vilniaus g. 1 Vilnius 12345 LT (work)</td></tr></table></div><div xml:lang=\"lt\" lang=\"lt\"><hr/><p><b>Lithuanian</b></p><hr/><p class=\"res-header-id\"><b>Generated Narrative: Organization example-lmb</b></p><a name=\"lt-example-lmb\"> </a><a name=\"lt-hcexample-lmb\"> </a><div style=\"display: inline-block; background-color: #d9e0e7; padding: 6px; margin: 4px; border: 1px solid #8da1b4; border-radius: 5px; line-height: 60%\"><p style=\"margin-bottom: 0px\">Language: lt</p><p style=\"margin-bottom: 0px\">Profile: <a href=\"StructureDefinition-lt-organization.html\">LT Base Organization</a></p></div><p><b>identifier</b>: <code>http://esveikata.lt/classifiers/Identifier/JAR</code>/200935935\u00a0(use:\u00a0official,\u00a0)</p><p><b>active</b>: true</p><p><b>name</b>: Lithuanian Medical Library</p><h3>Contacts</h3><table class=\"grid\"><tr><td style=\"display: none\">-</td><td><b>Purpose</b></td><td><b>Telecom</b></td><td><b>Address</b></td></tr><tr><td style=\"display: none\">*</td><td><span title=\"Codes:\">work</span></td><td><a href=\"tel:+37061234567\">+37061234567</a></td><td>Vilniaus g. 1 Vilnius 12345 LT (work)</td></tr></table></div></div>"
  },
  "identifier" : [{
    "use" : "official",
    "system" : "http://esveikata.lt/classifiers/Identifier/JAR",
    "value" : "200935935"
  }],
  "active" : true,
  "name" : "Lietuvos Medicinos biblioteka",
  "_name" : {
    "extension" : [{
      "extension" : [{
        "url" : "lang",
        "valueCode" : "lt"
      },
      {
        "url" : "content",
        "valueString" : "Lithuanian Medical Library"
      }],
      "url" : "http://hl7.org/fhir/StructureDefinition/translation"
    }]
  },
  "contact" : [{
    "purpose" : {
      "coding" : [{
        "code" : "work"
      }]
    },
    "telecom" : [{
      "system" : "phone",
      "value" : "+37061234567",
      "use" : "work"
    }],
    "address" : {
      "use" : "work",
      "type" : "both",
      "line" : ["Vilniaus g. 1"],
      "city" : "Vilnius",
      "postalCode" : "12345",
      "country" : "LT"
    }
  }]
}