{"resourceType":"ImplementationGuide","id":"lt.hl7.fhir.base","language":"en","text":{"status":"generated","div":"<div xmlns=\"http://www.w3.org/1999/xhtml\"><div xml:lang=\"en\" lang=\"en\"><hr/><p><b>English</b></p><hr/><p class=\"res-header-id\"><b>Generated Narrative: ImplementationGuide lt.hl7.fhir.base</b></p><a name=\"lt.hl7.fhir.base\"> </a><a name=\"hclt.hl7.fhir.base\"> </a><div style=\"display: inline-block; background-color: #d9e0e7; padding: 6px; margin: 4px; border: 1px solid #8da1b4; border-radius: 5px; line-height: 60%\"><p style=\"margin-bottom: 0px\">Language: en</p></div><h2>LTBase</h2><p>The official URL for this implementation guide is: </p><pre>https://hl7.lt/fhir/base/ImplementationGuide/lt.hl7.fhir.base</pre><div><p>Lithuanian Base Implementation Guide</p>\n</div></div><div xml:lang=\"lt\" lang=\"lt\"><hr/><p><b>Lithuanian</b></p><hr/><p class=\"res-header-id\"><b>Generated Narrative: ImplementationGuide lt.hl7.fhir.base</b></p><a name=\"lt-lt.hl7.fhir.base\"> </a><a name=\"lt-hclt.hl7.fhir.base\"> </a><div style=\"display: inline-block; background-color: #d9e0e7; padding: 6px; margin: 4px; border: 1px solid #8da1b4; border-radius: 5px; line-height: 60%\"><p style=\"margin-bottom: 0px\">Language: en</p></div><h2>LTBase</h2><p>The official URL for this implementation guide is: </p><pre>https://hl7.lt/fhir/base/ImplementationGuide/lt.hl7.fhir.base</pre><div><p>Lithuanian Base Implementation Guide</p>\n</div></div></div>"},"url":"https://hl7.lt/fhir/base/ImplementationGuide/lt.hl7.fhir.base","version":"0.2.0","name":"LTBase","_name":{"extension":[{"extension":[{"url":"lang","valueCode":"lt"},{"url":"content","valueString":"LTBase"}],"url":"http://hl7.org/fhir/StructureDefinition/translation"}]},"title":"Lithuanian Base Implementation Guide","_title":{"extension":[{"extension":[{"url":"lang","valueCode":"lt"},{"url":"content","valueString":"Lietuvių bazės įgyvendinimo vadovas"}],"url":"http://hl7.org/fhir/StructureDefinition/translation"}]},"status":"draft","date":"2025-10-30T19:04:29+02:00","publisher":"Lithuanian Medical Library","_publisher":{"extension":[{"extension":[{"url":"lang","valueCode":"lt"},{"url":"content","valueString":"Lietuvos medicinos biblioteka"}],"url":"http://hl7.org/fhir/StructureDefinition/translation"}]},"contact":[{"name":"Lithuanian Medical Library","telecom":[{"system":"url","value":"https://medicinosnk.lt"},{"system":"email","value":"info@medicinosnk.lt"}]}],"description":"Lithuanian Base Implementation Guide","_description":{"extension":[{"extension":[{"url":"lang","valueCode":"lt"},{"url":"content","valueString":"Lietuvių bazės įgyvendinimo vadovas"}],"url":"http://hl7.org/fhir/StructureDefinition/translation"}]},"jurisdiction":[{"coding":[{"system":"urn:iso:std:iso:3166","code":"LT"}]}],"packageId":"lt.hl7.fhir.base","license":"CC0-1.0","fhirVersion":["5.0.0"],"dependsOn":[{"id":"hl7tx","extension":[{"url":"http://hl7.org/fhir/tools/StructureDefinition/implementationguide-dependency-comment","valueMarkdown":"Automatically added as a dependency - all IGs depend on HL7 Terminology"}],"uri":"http://terminology.hl7.org/ImplementationGuide/hl7.terminology","packageId":"hl7.terminology.r5","version":"6.5.0"},{"id":"hl7ext","extension":[{"url":"http://hl7.org/fhir/tools/StructureDefinition/implementationguide-dependency-comment","valueMarkdown":"Automatically added as a dependency - all IGs depend on the HL7 Extension Pack"}],"uri":"http://hl7.org/fhir/extensions/ImplementationGuide/hl7.fhir.uv.extensions","packageId":"hl7.fhir.uv.extensions.r5","version":"5.2.0"},{"id":"hl7_fhir_eu_base_r5","uri":"http://hl7.eu/fhir/base-r5/ImplementationGuide/hl7.fhir.eu.base-r5","packageId":"hl7.fhir.eu.base-r5","version":"0.1.0"}],"definition":{"extension":[{"url":"http://hl7.org/fhir/tools/StructureDefinition/ig-internal-dependency","valueCode":"hl7.fhir.uv.tools.r5#0.8.0"}],"grouping":[{"id":"-str-profile"},{"id":"-term-valueset"},{"id":"-term-codesystem"},{"id":"-ex-example"}],"resource":[{"extension":[{"url":"http://hl7.org/fhir/tools/StructureDefinition/resource-sort","valueInteger":999999999},{"url":"http://hl7.org/fhir/StructureDefinition/implementationguide-page","valueUri":"StructureDefinition-lt-condition.html"}],"reference":{"reference":"StructureDefinition/lt-condition"},"name":"LT Base Condition","description":"Lithuanian Base Condition profile, used for documenting general, symptoms, conditions, and their characteristics.","isExample":false,"groupingId":"-str-profile"},{"extension":[{"url":"http://hl7.org/fhir/tools/StructureDefinition/resource-sort","valueInteger":999999999},{"url":"http://hl7.org/fhir/StructureDefinition/implementationguide-page","valueUri":"StructureDefinition-lt-encounter.html"}],"reference":{"reference":"StructureDefinition/lt-encounter"},"name":"LT Base Encounter","description":"Lithuanian Base Encounter profile, used to represent clinical encounters","isExample":false,"groupingId":"-str-profile"},{"extension":[{"url":"http://hl7.org/fhir/tools/StructureDefinition/resource-sort","valueInteger":999999999},{"url":"http://hl7.org/fhir/StructureDefinition/implementationguide-page","valueUri":"StructureDefinition-lt-location.html"}],"reference":{"reference":"StructureDefinition/lt-location"},"name":"LT Base Location","description":"Lithuanian Base Location profile, used for documenting healthcare locations.","isExample":false,"groupingId":"-str-profile"},{"extension":[{"url":"http://hl7.org/fhir/tools/StructureDefinition/resource-sort","valueInteger":999999999},{"url":"http://hl7.org/fhir/StructureDefinition/implementationguide-page","valueUri":"StructureDefinition-lt-observation.html"}],"reference":{"reference":"StructureDefinition/lt-observation"},"name":"LT Base Observation","description":"Lithuanian Base Observation profile, used to represent vitals, demographic, clinical and laboratory observations","isExample":false,"groupingId":"-str-profile"},{"extension":[{"url":"http://hl7.org/fhir/tools/StructureDefinition/resource-sort","valueInteger":999999999},{"url":"http://hl7.org/fhir/StructureDefinition/implementationguide-page","valueUri":"StructureDefinition-lt-organization.html"}],"reference":{"reference":"StructureDefinition/lt-organization"},"name":"LT Base Organization","description":"Lithuanian Base Organization profile, used to define healthcare organizations and sub-units","isExample":false,"groupingId":"-str-profile"},{"extension":[{"url":"http://hl7.org/fhir/tools/StructureDefinition/resource-sort","valueInteger":999999999},{"url":"http://hl7.org/fhir/StructureDefinition/implementationguide-page","valueUri":"StructureDefinition-lt-patient.html"}],"reference":{"reference":"StructureDefinition/lt-patient"},"name":"LT Base Patient","description":"Lithuanian Base Patient profile, used to represent patients administrative information","isExample":false,"groupingId":"-str-profile"},{"extension":[{"url":"http://hl7.org/fhir/tools/StructureDefinition/resource-sort","valueInteger":999999999},{"url":"http://hl7.org/fhir/StructureDefinition/implementationguide-page","valueUri":"StructureDefinition-lt-practitioner.html"}],"reference":{"reference":"StructureDefinition/lt-practitioner"},"name":"LT Base Practitioner","description":"Lithuanian Base Practitioner profile, used to define healthcare practitioners","isExample":false,"groupingId":"-str-profile"},{"extension":[{"url":"http://hl7.org/fhir/tools/StructureDefinition/resource-sort","valueInteger":999999999},{"url":"http://hl7.org/fhir/StructureDefinition/implementationguide-page","valueUri":"StructureDefinition-lt-practitioner-role.html"}],"reference":{"reference":"StructureDefinition/lt-practitioner-role"},"name":"LT Base Practitioner Role","description":"Lithuanian Base Practitioner Role profile, used to define roles of the healthcare practitioner in the healthcare facilities","isExample":false,"groupingId":"-str-profile"},{"extension":[{"url":"http://hl7.org/fhir/tools/StructureDefinition/resource-sort","valueInteger":999999999},{"url":"http://hl7.org/fhir/StructureDefinition/implementationguide-page","valueUri":"StructureDefinition-lt-related-person.html"}],"reference":{"reference":"StructureDefinition/lt-related-person"},"name":"LT Base Related Person","description":"Lithuanian Base Related Person profile, used to define persons related to a patient","isExample":false,"groupingId":"-str-profile"},{"extension":[{"url":"http://hl7.org/fhir/tools/StructureDefinition/resource-sort","valueInteger":999999999},{"url":"http://hl7.org/fhir/StructureDefinition/implementationguide-page","valueUri":"ValueSet-organization-identifier.html"}],"reference":{"reference":"ValueSet/organization-identifier"},"name":"Organization Identifier","description":"A curated list of identifier systems for organizations.","isExample":false,"groupingId":"-term-valueset"},{"extension":[{"url":"http://hl7.org/fhir/tools/StructureDefinition/resource-sort","valueInteger":999999999},{"url":"http://hl7.org/fhir/StructureDefinition/implementationguide-page","valueUri":"ValueSet-patient-identifier.html"}],"reference":{"reference":"ValueSet/patient-identifier"},"name":"Patient Identifier","description":"A curated list of identifier systems for patients.","isExample":false,"groupingId":"-term-valueset"},{"extension":[{"url":"http://hl7.org/fhir/tools/StructureDefinition/resource-sort","valueInteger":999999999},{"url":"http://hl7.org/fhir/StructureDefinition/implementationguide-page","valueUri":"CodeSystem-identifier-domain.html"}],"reference":{"reference":"CodeSystem/identifier-domain"},"name":"Identifier Domain","description":"Identifier Domain with translations in Lithuanian","isExample":false,"groupingId":"-term-codesystem"},{"extension":[{"url":"http://hl7.org/fhir/tools/StructureDefinition/resource-sort","valueInteger":999999999},{"url":"http://hl7.org/fhir/StructureDefinition/implementationguide-page","valueUri":"Practitioner-example-practitioner.html"}],"reference":{"reference":"Practitioner/example-practitioner"},"name":"Dr. Petras Kazlauskas - LT Base Practitioner Example","description":"An example Practitioner conforming to the Lithuanian Base Profile.","isExample":true,"profile":["https://hl7.lt/fhir/base/StructureDefinition/lt-practitioner|0.2.0"],"groupingId":"-ex-example"},{"extension":[{"url":"http://hl7.org/fhir/tools/StructureDefinition/resource-sort","valueInteger":999999999},{"url":"http://hl7.org/fhir/StructureDefinition/implementationguide-page","valueUri":"PractitionerRole-example-practitioner-role.html"}],"reference":{"reference":"PractitionerRole/example-practitioner-role"},"name":"Dr. Petras Kazlauskas at Vilniaus miesto ligoninė - LT Base Practitioner Role Example","description":"An example Practitioner Role conforming to the Lithuanian Base Profile.","isExample":true,"profile":["https://hl7.lt/fhir/base/StructureDefinition/lt-practitioner-role|0.2.0"],"groupingId":"-ex-example"},{"extension":[{"url":"http://hl7.org/fhir/tools/StructureDefinition/resource-sort","valueInteger":999999999},{"url":"http://hl7.org/fhir/StructureDefinition/implementationguide-page","valueUri":"Encounter-example-encounter.html"}],"reference":{"reference":"Encounter/example-encounter"},"name":"Example Encounter","description":"Example of an psychiatric encounter","isExample":true,"profile":["https://hl7.lt/fhir/base/StructureDefinition/lt-encounter|0.2.0"],"groupingId":"-ex-example"},{"extension":[{"url":"http://hl7.org/fhir/tools/StructureDefinition/resource-sort","valueInteger":999999999},{"url":"http://hl7.org/fhir/StructureDefinition/implementationguide-page","valueUri":"Condition-example-cancer.html"}],"reference":{"reference":"Condition/example-cancer"},"name":"Example LT Base Condition - Cancer","description":"Example instance of a cancer diagnosis documented during a patient encounter","isExample":true,"profile":["https://hl7.lt/fhir/base/StructureDefinition/lt-condition|0.2.0"],"groupingId":"-ex-example"},{"extension":[{"url":"http://hl7.org/fhir/tools/StructureDefinition/resource-sort","valueInteger":999999999},{"url":"http://hl7.org/fhir/StructureDefinition/implementationguide-page","valueUri":"Location-example-location.html"}],"reference":{"reference":"Location/example-location"},"name":"Example LT Base Location","description":"Example instance of a healthcare location","isExample":true,"profile":["https://hl7.lt/fhir/base/StructureDefinition/lt-location|0.2.0"],"groupingId":"-ex-example"},{"extension":[{"url":"http://hl7.org/fhir/tools/StructureDefinition/resource-sort","valueInteger":999999999},{"url":"http://hl7.org/fhir/StructureDefinition/implementationguide-page","valueUri":"Observation-example-LTBaseobservation-blood-pressure.html"}],"reference":{"reference":"Observation/example-LTBaseobservation-blood-pressure"},"name":"Example LT Base Observation - Blood Pressure","description":"Example instance of a blood pressure measurement for a patient","isExample":true,"profile":["https://hl7.lt/fhir/base/StructureDefinition/lt-observation|0.2.0"],"groupingId":"-ex-example"},{"extension":[{"url":"http://hl7.org/fhir/tools/StructureDefinition/resource-sort","valueInteger":999999999},{"url":"http://hl7.org/fhir/StructureDefinition/implementationguide-page","valueUri":"Encounter-example-pencounter.html"}],"reference":{"reference":"Encounter/example-pencounter"},"name":"Example Psychiatric Encounter","description":"Example of an psychiatric encounter","isExample":true,"profile":["https://hl7.lt/fhir/base/StructureDefinition/lt-encounter|0.2.0"],"groupingId":"-ex-example"},{"extension":[{"url":"http://hl7.org/fhir/tools/StructureDefinition/resource-sort","valueInteger":999999999},{"url":"http://hl7.org/fhir/StructureDefinition/implementationguide-page","valueUri":"Patient-example-patient.html"}],"reference":{"reference":"Patient/example-patient"},"name":"Jonas Petrauskas - LT Base Patient Example","description":"An example Patient conforming to the Lithuanian Base Profile.","isExample":true,"profile":["https://hl7.lt/fhir/base/StructureDefinition/lt-patient|0.2.0"],"groupingId":"-ex-example"},{"extension":[{"url":"http://hl7.org/fhir/tools/StructureDefinition/resource-sort","valueInteger":999999999},{"url":"http://hl7.org/fhir/StructureDefinition/implementationguide-page","valueUri":"RelatedPerson-example-related-person.html"}],"reference":{"reference":"RelatedPerson/example-related-person"},"name":"Rūta Petrauskienė - LT Base Related Person Example","description":"An example Related Person conforming to the Lithuanian Base Profile.","isExample":true,"profile":["https://hl7.lt/fhir/base/StructureDefinition/lt-related-person|0.2.0"],"groupingId":"-ex-example"},{"extension":[{"url":"http://hl7.org/fhir/tools/StructureDefinition/resource-sort","valueInteger":999999999},{"url":"http://hl7.org/fhir/StructureDefinition/implementationguide-page","valueUri":"Organization-example-lmb.html"}],"reference":{"reference":"Organization/example-lmb"},"name":"example-lmb","description":"Example of a LMB organization","isExample":true,"profile":["https://hl7.lt/fhir/base/StructureDefinition/lt-organization|0.2.0"],"groupingId":"-ex-example"},{"extension":[{"url":"http://hl7.org/fhir/tools/StructureDefinition/resource-sort","valueInteger":999999999},{"url":"http://hl7.org/fhir/StructureDefinition/implementationguide-page","valueUri":"Organization-example-organization.html"}],"reference":{"reference":"Organization/example-organization"},"name":"example-organization","description":"Example of a healthcare organization","isExample":true,"profile":["https://hl7.lt/fhir/base/StructureDefinition/lt-organization|0.2.0"],"groupingId":"-ex-example"}],"page":{"sourceUrl":"toc.html","name":"toc.html","title":"Table of Contents","_title":{"extension":[{"extension":[{"url":"lang","valueCode":"lt"},{"url":"content","valueString":"Turinys"}],"url":"http://hl7.org/fhir/StructureDefinition/translation"}]},"generation":"html","page":[{"sourceUrl":"index.html","name":"index.html","title":"Home","_title":{"extension":[{"extension":[{"url":"lang","valueCode":"lt"},{"url":"content","valueString":"Pradžia"}],"url":"http://hl7.org/fhir/StructureDefinition/translation"}]},"generation":"markdown"},{"sourceUrl":"changelog.html","name":"changelog.html","title":"Changelog","_title":{"extension":[{"extension":[{"url":"lang","valueCode":"lt"},{"url":"content","valueString":"Pakeitimų žurnalas"}],"url":"http://hl7.org/fhir/StructureDefinition/translation"}]},"generation":"markdown"},{"sourceUrl":"translationinfo.html","name":"translationinfo.html","title":"Translationinfo","generation":"markdown"},{"sourceUrl":"artifacts.html","name":"artifacts.html","title":"Artifacts Summary","_title":{"extension":[{"extension":[{"url":"lang","valueCode":"en"},{"url":"content","valueString":"Artifacts Summary"}],"url":"http://hl7.org/fhir/StructureDefinition/translation"},{"extension":[{"url":"lang","valueCode":"lt"},{"url":"content","valueString":"Artefaktų santrauka"}],"url":"http://hl7.org/fhir/StructureDefinition/translation"}]},"generation":"html","page":[{"sourceUrl":"StructureDefinition-lt-condition.html","name":"StructureDefinition-lt-condition.html","title":"LT Base Condition","generation":"generated"},{"sourceUrl":"StructureDefinition-lt-encounter.html","name":"StructureDefinition-lt-encounter.html","title":"LT Base Encounter","generation":"generated"},{"sourceUrl":"StructureDefinition-lt-location.html","name":"StructureDefinition-lt-location.html","title":"LT Base Location","generation":"generated"},{"sourceUrl":"StructureDefinition-lt-observation.html","name":"StructureDefinition-lt-observation.html","title":"LT Base Observation","generation":"generated"},{"sourceUrl":"StructureDefinition-lt-organization.html","name":"StructureDefinition-lt-organization.html","title":"LT Base Organization","generation":"generated"},{"sourceUrl":"StructureDefinition-lt-patient.html","name":"StructureDefinition-lt-patient.html","title":"LT Base Patient","generation":"generated"},{"sourceUrl":"StructureDefinition-lt-practitioner.html","name":"StructureDefinition-lt-practitioner.html","title":"LT Base Practitioner","generation":"generated"},{"sourceUrl":"StructureDefinition-lt-practitioner-role.html","name":"StructureDefinition-lt-practitioner-role.html","title":"LT Base Practitioner Role","generation":"generated"},{"sourceUrl":"StructureDefinition-lt-related-person.html","name":"StructureDefinition-lt-related-person.html","title":"LT Base Related Person","generation":"generated"},{"sourceUrl":"ValueSet-organization-identifier.html","name":"ValueSet-organization-identifier.html","title":"Organization Identifier","generation":"generated"},{"sourceUrl":"ValueSet-patient-identifier.html","name":"ValueSet-patient-identifier.html","title":"Patient Identifier","generation":"generated"},{"sourceUrl":"CodeSystem-identifier-domain.html","name":"CodeSystem-identifier-domain.html","title":"Identifier Domain","generation":"generated"},{"sourceUrl":"Practitioner-example-practitioner.html","name":"Practitioner-example-practitioner.html","title":"Dr. Petras Kazlauskas - LT Base Practitioner Example","generation":"generated"},{"sourceUrl":"PractitionerRole-example-practitioner-role.html","name":"PractitionerRole-example-practitioner-role.html","title":"Dr. Petras Kazlauskas at Vilniaus miesto ligoninė - LT Base Practitioner Role Example","generation":"generated"},{"sourceUrl":"Encounter-example-encounter.html","name":"Encounter-example-encounter.html","title":"Example Encounter","generation":"generated"},{"sourceUrl":"Condition-example-cancer.html","name":"Condition-example-cancer.html","title":"Example LT Base Condition - Cancer","generation":"generated"},{"sourceUrl":"Location-example-location.html","name":"Location-example-location.html","title":"Example LT Base Location","generation":"generated"},{"sourceUrl":"Observation-example-LTBaseobservation-blood-pressure.html","name":"Observation-example-LTBaseobservation-blood-pressure.html","title":"Example LT Base Observation - Blood Pressure","generation":"generated"},{"sourceUrl":"Encounter-example-pencounter.html","name":"Encounter-example-pencounter.html","title":"Example Psychiatric Encounter","generation":"generated"},{"sourceUrl":"Organization-example-lmb.html","name":"Organization-example-lmb.html","title":"example-lmb","generation":"generated"},{"sourceUrl":"Organization-example-organization.html","name":"Organization-example-organization.html","title":"example-organization","generation":"generated"},{"sourceUrl":"Patient-example-patient.html","name":"Patient-example-patient.html","title":"Jonas Petrauskas - LT Base Patient Example","generation":"generated"},{"sourceUrl":"RelatedPerson-example-related-person.html","name":"RelatedPerson-example-related-person.html","title":"Rūta Petrauskienė - LT Base Related Person Example","generation":"generated"}]}]},"parameter":[{"code":{"system":"http://hl7.org/fhir/tools/CodeSystem/ig-parameters","code":"copyrightyear"},"value":"2025+"},{"code":{"system":"http://hl7.org/fhir/tools/CodeSystem/ig-parameters","code":"releaselabel"},"value":"ci-build"},{"code":{"system":"http://hl7.org/fhir/tools/CodeSystem/ig-parameters","code":"special-url-base"},"value":"https://hl7.lt/fhir"},{"code":{"system":"http://hl7.org/fhir/tools/CodeSystem/ig-parameters","code":"special-url"},"value":"https://terminology.hl7.lt/fhir, http://hl7.org/fhir/us/vitals/StructureDefinition"},{"code":{"system":"http://hl7.org/fhir/tools/CodeSystem/ig-parameters","code":"excludettl"},"value":"true"},{"code":{"system":"http://hl7.org/fhir/tools/CodeSystem/ig-parameters","code":"shownav"},"value":"true"},{"code":{"system":"http://hl7.org/fhir/tools/CodeSystem/ig-parameters","code":"pin-canonicals"},"value":"pin-all"},{"code":{"system":"http://hl7.org/fhir/tools/CodeSystem/ig-parameters","code":"apply-version"},"value":"false"},{"code":{"system":"http://hl7.org/fhir/tools/CodeSystem/ig-parameters","code":"default-version"},"value":"true"},{"code":{"system":"http://hl7.org/fhir/tools/CodeSystem/ig-parameters","code":"i18n-default-lang"},"value":"en"},{"code":{"system":"http://hl7.org/fhir/tools/CodeSystem/ig-parameters","code":"i18n-lang"},"value":"lt"},{"code":{"system":"http://hl7.org/fhir/tools/CodeSystem/ig-parameters","code":"translation-sources"},"value":"input/translations/lt"},{"code":{"system":"http://hl7.org/fhir/tools/CodeSystem/ig-parameters","code":"autoload-resources"},"value":"true"},{"code":{"system":"http://hl7.org/fhir/guide-parameter-code","code":"path-resource"},"value":"input/capabilities"},{"code":{"system":"http://hl7.org/fhir/guide-parameter-code","code":"path-resource"},"value":"input/examples"},{"code":{"system":"http://hl7.org/fhir/guide-parameter-code","code":"path-resource"},"value":"input/extensions"},{"code":{"system":"http://hl7.org/fhir/guide-parameter-code","code":"path-resource"},"value":"input/models"},{"code":{"system":"http://hl7.org/fhir/guide-parameter-code","code":"path-resource"},"value":"input/operations"},{"code":{"system":"http://hl7.org/fhir/guide-parameter-code","code":"path-resource"},"value":"input/profiles"},{"code":{"system":"http://hl7.org/fhir/guide-parameter-code","code":"path-resource"},"value":"input/resources"},{"code":{"system":"http://hl7.org/fhir/guide-parameter-code","code":"path-resource"},"value":"input/vocabulary"},{"code":{"system":"http://hl7.org/fhir/guide-parameter-code","code":"path-resource"},"value":"input/maps"},{"code":{"system":"http://hl7.org/fhir/guide-parameter-code","code":"path-resource"},"value":"input/testing"},{"code":{"system":"http://hl7.org/fhir/guide-parameter-code","code":"path-resource"},"value":"input/history"},{"code":{"system":"http://hl7.org/fhir/guide-parameter-code","code":"path-resource"},"value":"fsh-generated/resources"},{"code":{"system":"http://hl7.org/fhir/guide-parameter-code","code":"path-pages"},"value":"template/config"},{"code":{"system":"http://hl7.org/fhir/guide-parameter-code","code":"path-pages"},"value":"input/assets"},{"code":{"system":"http://hl7.org/fhir/guide-parameter-code","code":"path-pages"},"value":"input/images"},{"code":{"system":"http://hl7.org/fhir/tools/CodeSystem/ig-parameters","code":"path-liquid"},"value":"template/liquid"},{"code":{"system":"http://hl7.org/fhir/tools/CodeSystem/ig-parameters","code":"path-liquid"},"value":"input/liquid"},{"code":{"system":"http://hl7.org/fhir/tools/CodeSystem/ig-parameters","code":"path-qa"},"value":"temp/qa"},{"code":{"system":"http://hl7.org/fhir/tools/CodeSystem/ig-parameters","code":"path-temp"},"value":"temp/pages"},{"code":{"system":"http://hl7.org/fhir/tools/CodeSystem/ig-parameters","code":"path-output"},"value":"output"},{"code":{"system":"http://hl7.org/fhir/guide-parameter-code","code":"path-tx-cache"},"value":"input-cache/txcache"},{"code":{"system":"http://hl7.org/fhir/tools/CodeSystem/ig-parameters","code":"path-suppressed-warnings"},"value":"input/ignoreWarnings.txt"},{"code":{"system":"http://hl7.org/fhir/tools/CodeSystem/ig-parameters","code":"path-history"},"value":"https://hl7.lt/fhir/base/history.html"},{"code":{"system":"http://hl7.org/fhir/tools/CodeSystem/ig-parameters","code":"template-html"},"value":"template-page.html"},{"code":{"system":"http://hl7.org/fhir/tools/CodeSystem/ig-parameters","code":"template-md"},"value":"template-page-md.html"},{"code":{"system":"http://hl7.org/fhir/tools/CodeSystem/ig-parameters","code":"apply-contact"},"value":"true"},{"code":{"system":"http://hl7.org/fhir/tools/CodeSystem/ig-parameters","code":"apply-context"},"value":"true"},{"code":{"system":"http://hl7.org/fhir/tools/CodeSystem/ig-parameters","code":"apply-copyright"},"value":"true"},{"code":{"system":"http://hl7.org/fhir/tools/CodeSystem/ig-parameters","code":"apply-jurisdiction"},"value":"true"},{"code":{"system":"http://hl7.org/fhir/tools/CodeSystem/ig-parameters","code":"apply-license"},"value":"true"},{"code":{"system":"http://hl7.org/fhir/tools/CodeSystem/ig-parameters","code":"apply-publisher"},"value":"true"},{"code":{"system":"http://hl7.org/fhir/tools/CodeSystem/ig-parameters","code":"apply-wg"},"value":"true"},{"code":{"system":"http://hl7.org/fhir/tools/CodeSystem/ig-parameters","code":"active-tables"},"value":"true"},{"code":{"system":"http://hl7.org/fhir/tools/CodeSystem/ig-parameters","code":"fmm-definition"},"value":"http://hl7.org/fhir/versions.html#maturity"},{"code":{"system":"http://hl7.org/fhir/tools/CodeSystem/ig-parameters","code":"propagate-status"},"value":"true"},{"code":{"system":"http://hl7.org/fhir/tools/CodeSystem/ig-parameters","code":"excludelogbinaryformat"},"value":"true"},{"code":{"system":"http://hl7.org/fhir/tools/CodeSystem/ig-parameters","code":"tabbed-snapshots"},"value":"true"},{"code":{"system":"http://hl7.org/fhir/tools/CodeSystem/ig-parameters","code":"wantGen-ttl"},"value":"false"},{"code":{"system":"http://hl7.org/fhir/tools/CodeSystem/ig-parameters","code":"wantGen-ttl-html"},"value":"false"}]}}