{
  "resourceType" : "Condition",
  "id" : "example-cancer",
  "meta" : {
    "profile" : ["https://hl7.lt/fhir/base/StructureDefinition/lt-condition"]
  },
  "language" : "en",
  "text" : {
    "status" : "generated",
    "div" : "<div xmlns=\"http://www.w3.org/1999/xhtml\"><div xml:lang=\"en\" lang=\"en\"><hr/><p><b>English</b></p><hr/><p class=\"res-header-id\"><b>Generated Narrative: Condition example-cancer</b></p><a name=\"example-cancer\"> </a><a name=\"hcexample-cancer\"> </a><div style=\"display: inline-block; background-color: #d9e0e7; padding: 6px; margin: 4px; border: 1px solid #8da1b4; border-radius: 5px; line-height: 60%\"><p style=\"margin-bottom: 0px\">Language: en</p><p style=\"margin-bottom: 0px\">Profile: <a href=\"StructureDefinition-lt-condition.html\">LT Base Condition</a></p></div><p><b>clinicalStatus</b>: <span title=\"Codes:{http://terminology.hl7.org/CodeSystem/condition-clinical active}\">Active</span></p><p><b>verificationStatus</b>: <span title=\"Codes:{http://terminology.hl7.org/CodeSystem/condition-ver-status confirmed}\">Confirmed</span></p><p><b>code</b>: <span title=\"Codes:{http://snomed.info/sct 254837009}\">Malignant neoplasm of breast</span></p><p><b>bodySite</b>: <span title=\"Codes:{http://snomed.info/sct 76752008}\">Breast structure</span></p><p><b>subject</b>: <a href=\"Patient-example-patient.html\">Jonas Petrauskas(official) Male, DoB: 1985-01-01 ( http://hospital-lt.lt/patient-id#HOSPLT-10005\u00a0(use:\u00a0usual,\u00a0))</a></p><p><b>onset</b>: 2025-08-15</p><p><b>recordedDate</b>: 2025-09-01</p><h3>Participants</h3><table class=\"grid\"><tr><td style=\"display: none\">-</td><td><b>Function</b></td><td><b>Actor</b></td></tr><tr><td style=\"display: none\">*</td><td><span title=\"Codes:{http://terminology.hl7.org/CodeSystem/provenance-participant-type author}\">Author</span></td><td><a href=\"Practitioner-example-practitioner.html\">Practitioner Dr. Petras Kazlauskas(official)</a></td></tr></table><p><b>note</b>: </p><blockquote><div><p>Patient diagnosed with breast cancer. Staging and treatment plan to be determined.</p>\n</div></blockquote></div><div xml:lang=\"lt\" lang=\"lt\"><hr/><p><b>Lithuanian</b></p><hr/><p class=\"res-header-id\"><b>Generated Narrative: Condition example-cancer</b></p><a name=\"lt-example-cancer\"> </a><a name=\"lt-hcexample-cancer\"> </a><div style=\"display: inline-block; background-color: #d9e0e7; padding: 6px; margin: 4px; border: 1px solid #8da1b4; border-radius: 5px; line-height: 60%\"><p style=\"margin-bottom: 0px\">Language: en</p><p style=\"margin-bottom: 0px\">Profile: <a href=\"StructureDefinition-lt-condition.html\">LT Base Condition</a></p></div><p><b>clinicalStatus</b>: <span title=\"Codes:{http://terminology.hl7.org/CodeSystem/condition-clinical active}\">Active</span></p><p><b>verificationStatus</b>: <span title=\"Codes:{http://terminology.hl7.org/CodeSystem/condition-ver-status confirmed}\">Confirmed</span></p><p><b>code</b>: <span title=\"Codes:{http://snomed.info/sct 254837009}\">Malignant neoplasm of breast</span></p><p><b>bodySite</b>: <span title=\"Codes:{http://snomed.info/sct 76752008}\">Breast structure</span></p><p><b>subject</b>: <a href=\"Patient-example-patient.html\">Jonas Petrauskas(official) Male, DoB: 1985-01-01 ( http://hospital-lt.lt/patient-id#HOSPLT-10005\u00a0(use:\u00a0usual,\u00a0))</a></p><p><b>onset</b>: 2025-08-15</p><p><b>recordedDate</b>: 2025-09-01</p><h3>Participants</h3><table class=\"grid\"><tr><td style=\"display: none\">-</td><td><b>Function</b></td><td><b>Actor</b></td></tr><tr><td style=\"display: none\">*</td><td><span title=\"Codes:{http://terminology.hl7.org/CodeSystem/provenance-participant-type author}\">Author</span></td><td><a href=\"Practitioner-example-practitioner.html\">Practitioner Dr. Petras Kazlauskas(official)</a></td></tr></table><p><b>note</b>: </p><blockquote><div><p>Patient diagnosed with breast cancer. Staging and treatment plan to be determined.</p>\n</div></blockquote></div></div>"
  },
  "clinicalStatus" : {
    "coding" : [{
      "system" : "http://terminology.hl7.org/CodeSystem/condition-clinical",
      "code" : "active",
      "display" : "Active"
    }]
  },
  "verificationStatus" : {
    "coding" : [{
      "system" : "http://terminology.hl7.org/CodeSystem/condition-ver-status",
      "code" : "confirmed",
      "display" : "Confirmed"
    }]
  },
  "code" : {
    "coding" : [{
      "system" : "http://snomed.info/sct",
      "code" : "254837009",
      "display" : "Malignant neoplasm of breast"
    }]
  },
  "bodySite" : [{
    "coding" : [{
      "system" : "http://snomed.info/sct",
      "code" : "76752008",
      "display" : "Breast structure"
    }]
  }],
  "subject" : {
    "reference" : "Patient/example-patient"
  },
  "onsetDateTime" : "2025-08-15",
  "recordedDate" : "2025-09-01",
  "participant" : [{
    "function" : {
      "coding" : [{
        "system" : "http://terminology.hl7.org/CodeSystem/provenance-participant-type",
        "code" : "author",
        "display" : "Author"
      }]
    },
    "actor" : {
      "reference" : "Practitioner/example-practitioner"
    }
  }],
  "note" : [{
    "text" : "Patient diagnosed with breast cancer. Staging and treatment plan to be determined."
  }]
}